Source,Target,Rolle,Beziehungstyp,Gewicht
aakhtar,org_mpg,Vorstand/Präsidium,Person-Organisation,2
mbarth,org_agapedia,Gründer/in,Person-Organisation,3
sbarth,org_agapedia,Gründer/in,Person-Organisation,3
scornelius,org_freilichtmuseum_beuren,Leitung/Geschäftsführung,Person-Organisation,3
ngaelle,org_scherzachtaler,Gründer/in,Person-Organisation,3
tgoenner,org_cdu,Mitglied,Person-Organisation,1
tgoenner,org_giz,Vorstand/Präsidium,Person-Organisation,2
tgoenner,org_unicef_de,Mitglied,Person-Organisation,1
tgoenner,org_stiftung_liebenau,Aufsichtsrat,Person-Organisation,2
tgoenner,org_vfb,Aufsichtsrat,Person-Organisation,2
thitzlsperger,org_vfb,Vorstand/Präsidium,Person-Organisation,3
thitzlsperger,org_dfb,Botschafter/in,Person-Organisation,1
nkappel,org_dfl_stiftung,Kuratorium,Person-Organisation,1
nkappel,org_dla,Beschäftigt/tätig,Person-Organisation,3
fwkeller,org_franz_keller,Leitung/Geschäftsführung,Person-Organisation,3
fwkeller,org_dfb,Vorstand/Präsidium,Person-Organisation,2
fwkeller,org_sc_freiburg,Vorstand/Präsidium,Person-Organisation,2
akoktsidou,org_swr,Beschäftigt/tätig,Person-Organisation,3
akoktsidou,org_kalimera,Vorstand/Präsidium,Person-Organisation,2
akoktsidou,org_forum_kulturen,Mitglied,Person-Organisation,1
pkurz,org_unesco_mannheim,Beschäftigt/tätig,Person-Organisation,3
pkurz,org_global_parliament,Gründer/in,Person-Organisation,3
npmalek,org_zpm,Gründer/in,Person-Organisation,3
npmalek,org_forum_gesundheit,Vorstand/Präsidium,Person-Organisation,2
fpmastiaux,org_enbw,Vorstand/Präsidium,Person-Organisation,3
fpmastiaux,org_strategiedialog_auto,Mitglied,Person-Organisation,1
emenzerhaasis,org_lsvbw,Vorstand/Präsidium,Person-Organisation,2
emenzerhaasis,org_wlsb,Vorstand/Präsidium,Person-Organisation,2
kmrueckert,org_nationalpark_sw,Beschäftigt/tätig,Person-Organisation,3
vschiltenwolf,org_luchsinitiative,Vorstand/Präsidium,Person-Organisation,2
kschmalz,org_schmalz_gmbh,Leitung/Geschäftsführung,Person-Organisation,3
kschmalz,org_campus_schwarzwald,Gründer/in,Person-Organisation,3
kschmalz,org_ihk_nordschwarzwald,Vorstand/Präsidium,Person-Organisation,2
wschmalz,org_schmalz_gmbh,Leitung/Geschäftsführung,Person-Organisation,3
wschmalz,org_schmalz_stiftung,Gründer/in,Person-Organisation,3
vstoertzenbach,org_pso_stuttgart,Gründer/in,Person-Organisation,3
vstoertzenbach,org_uni_stuttgart,Beschäftigt/tätig,Person-Organisation,3
vstoertzenbach,org_livemusicnow,Vorstand/Präsidium,Person-Organisation,2
itress,org_tress_bw,Leitung/Geschäftsführung,Person-Organisation,3
funtersteller,org_oeko_institut,Vorstand/Präsidium,Person-Organisation,2
funtersteller,org_under2,Botschafter/in,Person-Organisation,1
fvogel,org_stuttgarter_ballett,Beschäftigt/tätig,Person-Organisation,3
fvogel,org_uni_tuebingen,Mitglied,Person-Organisation,1
ahelfrich,org_hfm_mannheim,Beschäftigt/tätig,Person-Organisation,3
mhuber,org_achern_miteinander,Gründer/in,Person-Organisation,3
mbarth,sbarth,personell,Person-Person,4
kschmalz,wschmalz,personell,Person-Person,4
rarnold1,org_paravan,Leitung/Geschäftsführung,Person-Organisation,3
rarnold1,org_paravan_stiftung,Gründer/in,Person-Organisation,3
abraun,org_lv_selbsth_koerpm_bw,Leitung/Geschäftsführung,Person-Organisation,3
abraun,org_mitten_im_leben,Gründer/in,Person-Organisation,3
ebraun,org_gruene,Mitglied,Person-Organisation,1
ebraun,org_beg_riss,Gründer/in,Person-Organisation,3
rbuehler,org_sonnenhof_wolpertshausen,Leitung/Geschäftsführung,Person-Organisation,3
rbuehler,org_baeuerliche_erzeugergemeinschaft_schwaebisch_hall,Gründer/in,Person-Organisation,3
rbuehler,org_haus_der_bauern,Gründer/in,Person-Organisation,3
rbuehler,org_akademie_fuer_oekologische_land_u_ernaehrungswissenschaft,Gründer/in,Person-Organisation,3
sdommerkroneberg,org_fahnenfabrik_dommer,Leitung/Geschäftsführung,Person-Organisation,3
sdommerkroneberg,org_ihk_region_stuttgart,Mitglied,Person-Organisation,1
sdommerkroneberg,org_arbeitskreis_unternehmerinnen,Vorstand/Präsidium,Person-Organisation,2
afath,org_hochschule_furtwang,Dozent/in,Person-Organisation,3
afath,org_h2org_ggmbh,Leitung/Geschäftsführung,Person-Organisation,3
afath,org_cleanup,Botschafter/in,Person-Organisation,1
lfederle,org_bewegteuch,Gründer/in,Person-Organisation,3
lfederle,org_drk,Mitglied,Person-Organisation,1
lfederle,org_tuebinger_kreistag,Mitglied,Person-Organisation,1
wfeess,org_heinrich_feess_gmbh_co_kg,Leitung/Geschäftsführung,Person-Organisation,3
rgall,org_landtag_bw,Mitglied,Person-Organisation,1
rgall,org_freiwillige_feuerwehr_obersulm,Mitglied,Person-Organisation,1
rgall,org_kreisfeuerwehrverband_heilbronn,Leitung/Geschäftsführung,Person-Organisation,3
eheimes,org_verlag_haus_am_nepomuk,Gründer/in,Person-Organisation,3
eheimes,org_jugend_engagiert_sich,Gründer/in,Person-Organisation,3
skekilli,org_film_gegen_die_wand,Mitglied,Person-Organisation,1
skekilli,org_film_game_of_thrones,Mitglied,Person-Organisation,1
skekilli,org_terre_des_femmes,Botschafter/in,Person-Organisation,1
skekilli,org_sibel,Botschafter/in,Person-Organisation,1
skekilli,org_unidas,Gründer/in,Person-Organisation,3
mlinckh,org_land_frauen_ortsverein_enzweihingen,Leitung/Geschäftsführung,Person-Organisation,3
mlinckh,org_kreis_land_frauen_verband_ludwigsburg,Vorstand/Präsidium,Person-Organisation,3
mlinckh,org_land_frauen_verband_wuerttemberg_baden,Vorstand/Präsidium,Person-Organisation,3
amayer,org_bund_regionalverband_suedlicher_Oberrhein,Leitung/Geschäftsführung,Person-Organisation,3
amayer,org_tras,Vorstand/Präsidium,Person-Organisation,2
amayer,org_kreistag_emmendingen,Mitglied,Person-Organisation,1
tmerckle,org_seehaus_leonberg,Gründer/in,Person-Organisation,3
tmerckle,org_hpffnungstraeger_stiftung,Vorstand/Präsidium,Person-Organisation,1
hpfau,org_harrys_bude,Gründer/in,Person-Organisation,3
kschirdewahn,org_gay_gray,Leitung/Geschäftsführung,Person-Organisation,2
kschirdewahn,org_queer_zentrum_mannheim,Mitglied,Person-Organisation,1
kschirdewahn,org_grundgesetz_fuer_alle,Mitglied,Person-Organisation,1
nschmid,org_bundestag,Mitglied,Person-Organisation,1
nschmid,org_werner_weinmann_stiftung,Vorstand/Präsidium,Person-Organisation,2
nschmid,org_bundesministerium_verteidigung,Beschäftigt/tätig,Person-Organisation,1
fschmidt,org_erster_fc_heidenheim,Trainer,Person-Organisation,2
fschmidt,org_dfb,Vorstand/Präsidium,Person-Organisation,2
sspeidel,org_hochschule_karlsruhe,Dozent/in,Person-Organisation,2
sspeidel,org_elisabeth_speidel_fonds,Leitung/Geschäftsführung,Person-Organisation,2
ustaerk,org_opfereinsatz_auch_im_ruhestand,Gründer/in,Person-Organisation,3
mwahl,org_agus_selbsthilfegruppe,Gründer/in,Person-Organisation,3
hwethhaebel,org_ev_hochschule_ludwigsburg,Dozent/in,Person-Organisation,1
hwethhaebel,org_schuldnerberatung_tuebingen,Beschäftigt/tätig,Person-Organisation,1
hwethhaebel,org_dornahof_und_erlacher_hoehe,Leitung/Geschäftsführung,Person-Organisation,3
hwethhaebel,org_ev_bundesfachverband_existenzsicherung_teilhabe,Mitglied,Person-Organisation,1
galdinger,org_weingut_aldinger,Leitung/Geschäftsführung,Person-Organisation,3
galdinger,org_vdp_wuerttemberg,Mitglied,Person-Organisation,1
galdinger,org_freiwillige_feuerwehr_fellbach,Mitglied,Person-Organisation,1
galdinger,org_amtsgericht_waiblingen,Beschäftigt/tätig,Person-Organisation,1
galdinger,org_rebhuhnprojekt_fellbach_schmiden,Mitglied,Person-Organisation,1
aarneth,org_kit,Beschäftigt/tätig,Person-Organisation,1
aarneth,org_ipcc,Mitglied,Person-Organisation,1
aarneth,org_ipbes,Mitglied,Person-Organisation,1
aarneth,org_klima_sachverstaendigenrat,Mitglied,Person-Organisation,1
ebaur,org_malteser_hilfsdienst_bw,Vorstand/Präsidium,Person-Organisation,2
ebaur,org_malteser_hilfsdienst_gp,Leitung/Geschäftsführung,Person-Organisation,3
ebaur,org_edmund_baur_malteser_stiftung,Gründer/in,Person-Organisation,3
bbernadotte,org_mainau_gmbh,Leitung/Geschäftsführung,Person-Organisation,3
bbernadotte,org_europa_minigaertner,Leitung/Geschäftsführung,Person-Organisation,3
bbernadotte,org_lennart_bernadotte_stiftung,Vorstand/Präsidium,Person-Organisation,2
bbernadotte,org_plan_international,Mitglied,Person-Organisation,1
bbernadotte,org_kuratorium_lindauer_nobelpreistraegertagung,Vorstand/Präsidium,Person-Organisation,2
bbernadotte,org_europa_minikoeche,Botschafter/in,Person-Organisation,1
rberner,org_stiftung_illustration,Gründer/in,Person-Organisation,3
rberner,org_die_tollen_hefte,Leitung/Geschäftsführung,Person-Organisation,3
sblattmann,kderks,institutionell,Person-Person,4
sblattmann,org_mut_zentrum,Gründer/in,Person-Organisation,3
sblattmann,org_frauenberatung_loerrach,Beschäftigt/tätig,Person-Organisation,1
sblattmann,org_dgfpi,Vorstand/Präsidium,Person-Organisation,2
sblattmann,org_theater_tempus_fugit,Beschäftigt/tätig,Person-Organisation,1
kderks,sblattmann,institutionell,Person-Person,4
kderks,org_mut_zentrum,Gründer/in,Person-Organisation,3
kderks,org_tim,Gründer/in,Person-Organisation,3
kderks,org_theater_tempus_fugit,Beschäftigt/tätig,Person-Organisation,1
ucress,org_uni_tuebingen,Dozent/in,Person-Organisation,1
ucress,org_iwm,Leitung/Geschäftsführung,Person-Organisation,3
ucress,org_deutsche_telekom_stiftung,Vorstand/Präsidium,Person-Organisation,2
ucress,org_swk,Mitglied,Person-Organisation,1
ucress,org_deutsche_unesco_kommission,Mitglied,Person-Organisation,1
ucress,org_dla,Mitglied,Person-Organisation,1
weschelbach,org_jugendamt_mannheim,Beschäftigt/tätig,Person-Organisation,1
wfaisst,org_renningen,Leitung/Geschäftsführung,Person-Organisation,3
wfaisst,org_freie_waehler_bw,Vorstand/Präsidium,Person-Organisation,2
wfaisst,org_freie_waehler_boeblingen,Vorstand/Präsidium,Person-Organisation,2
wfaisst,org_regionalversammlung_stuttgart,Mitglied,Person-Organisation,1
wfaisst,org_landesverband_musikschulen_bw,Vorstand/Präsidium,Person-Organisation,2
wfaisst,org_buergerstiftung_renningen,Gründer/in,Person-Organisation,3
wfaisst,org_interkom,Gründer/in,Person-Organisation,3
mfurtwaengler,org_german_doctors,Kuratorium,Person-Organisation,2
mfurtwaengler,org_one_deutschland,Botschafter/in,Person-Organisation,1
mfurtwaengler,org_malisa_Stiftung,Gründer/in,Person-Organisation,3
mfurtwaengler,org_tatort,Beschäftigt/tätig,Person-Organisation,1
mginter,org_sc_freiburg,Beschäftigt/tätig,Person-Organisation,1
mginter,org_deutsche_nationalmannschaft,Mitglied,Person-Organisation,1
mginter,org_matthias_ginter_stiftung,Gründer/in,Person-Organisation,3
mginter,org_kinder_jugendklinik_freiburg,Botschafter/in,Person-Organisation,1
wknubben,org_polizei_bw,Beschäftigt/tätig,Person-Organisation,1
wknubben,org_polizeiseelsorge_bw,Leitung/Geschäftsführung,Person-Organisation,3
wknubben,org_dioezese_rottenburg_stuttgart,Beschäftigt/tätig,Person-Organisation,2
wknubben,org_kirchengemeinde_sigmaringen,Vorstand/Präsidium,Person-Organisation,2
pmaar,org_asg_crailsheim,Beschäftigt/tätig,Person-Organisation,1
pmaar,org_esg_filderstadt,Beschäftigt/tätig,Person-Organisation,1
pmaar,org_abk_stuttgart,Mitglied,Person-Organisation,1
pmaar,org_sams,Gründer/in,Person-Organisation,3
pmaar,org_pen_deutschland,Mitglied,Person-Organisation,1
pmaar,org_stipendium_paul_maar,Gründer/in,Person-Organisation,3
eoehler,org_kreisbauernverband_biberach_sigmaringen,Leitung/Geschäftsführung,Person-Organisation,3
eoehler,org_bauernschule_bad_waldsee,Leitung/Geschäftsführung,Person-Organisation,3
eoehler,org_praedicate_evangelium,Vorstand/Präsidium,Person-Organisation,2
eoehler,org_gemeinderat_bad_salgau,Mitglied,Person-Organisation,1
eoehler,org_ortschaftsrat_bolstern,Mitglied,Person-Organisation,1
eoehler,org_dekanat_salgau,Mitglied,Person-Organisation,1
eoehler,org_oberschwaebischer_pilgerweg,Gründer/in,Person-Organisation,3
erieger,org_rieger_hofmann,Gründer/in,Person-Organisation,3
kschellenberg,org_hft_stuttgart,Dozent/in,Person-Organisation,1
kschellenberg,org_bup,Vorstand/Präsidium,Person-Organisation,2
kschellenberg,org_gemeinderat_rottweil,Mitglied,Person-Organisation,1
kschellenberg,org_stiftung_buerger_in_not,Gründer/in,Person-Organisation,3
eschrade,org_galerie_schrade,Gründer/in,Person-Organisation,3
eschrade,org_art_karlsruhe,Gründer/in,Person-Organisation,3
vschwender,org_projekt_99,Gründer/in,Person-Organisation,3
vschwender,org_kreisrat_buchen,Mitglied,Person-Organisation,1
gsidrassiharth,org_amnesty_international,Mitglied,Person-Organisation,1
gsidrassiharth,org_asylarbeitskreis_heidelberg,Vorstand/Präsidium,Person-Organisation,2
cstadelhofer,org_ileu,Vorstand/Präsidium,Person-Organisation,2
cstadelhofer,org_zawiw,Leitung/Geschäftsführung,Person-Organisation,3
cstadelhofer,org_danube_networks,Gründer/in,Person-Organisation,3
cstadelhofer,org_zusammen_in_ulm,Gründer/in,Person-Organisation,3
sstanisic,org_kuenstlerhaus_edenkoben,Dozent/in,Person-Organisation,1
sstanisic,org_freie_akademie_kuenste_hamburg,Mitglied,Person-Organisation,1
sstanisic,org_pen_deutschland,Mitglied,Person-Organisation,1
sstanisic,org_bundesversammlung,Mitglied,Person-Organisation,1
rarnold2,org_europa_union,Mitglied,Person-Organisation,1
rarnold2,org_stm_bw,Leitung/Geschäftsführung,Person-Organisation,3
rarnold2,org_mit,Mitglied,Person-Organisation,1
rarnold2,org_ceps,Mitglied,Person-Organisation,1
rarnold2,org_mlr_bw,Leitung/Geschäftsführung,Person-Organisation,3
rarnold2,org_liederkranz_weiler,Mitglied,Person-Organisation,1
rarnold2,org_dorfentwicklung_herdtlinsweiler,Gründer/in,Person-Organisation,3
rarnold2,org_akademie_gesprochenes_wort,Kuratorium,Person-Organisation,2
rarnold2,org_hfg,Kuratorium,Person-Organisation,2
udahmen,org_hfmt_hamburg,Dozent/in,Person-Organisation,1
udahmen,org_deutscher_musikrat,Leitung/Geschäftsführung,Person-Organisation,3
udahmen,org_popakademie_bw,Leitung/Geschäftsführung,Person-Organisation,3
udahmen,org_swr,Botschafter/in,Person-Organisation,1
udahmen,org_percussion_creativ,Vorstand/Präsidium,Person-Organisation,2
hwandjo,org_sony_music,Leitung/Geschäftsführung,Person-Organisation,3
hwandjo,org_warner_music,Leitung/Geschäftsführung,Person-Organisation,3
hwandjo,org_popakademie_bw,Leitung/Geschäftsführung,Person-Organisation,3
udahmen,hwandjo,institutionell,Person-Person,4
hwandjo,udahmen,institutionell,Person-Person,4
egebhardt,org_ep,Vorstand/Präsidium,Person-Organisation,2
egebhardt,org_spd,Vorstand/Präsidium,Person-Organisation,2
egebhardt,org_spd_frauen_hohenlohe,Gründer/in,Person-Organisation,3
egebhardt,org_europa_union,Mitglied,Person-Organisation,1
egebhardt,org_marie_schlei_verein,Mitglied,Person-Organisation,1
egebhardt,org_aem,Mitglied,Person-Organisation,1
egebhardt,org_kuratorium_jugendkunstschulen_bw,Mitglied,Person-Organisation,1
egebhardt,org_gegen_vergessen,Mitglied,Person-Organisation,1
kgernbauer,org_uni_passau,Mitglied,Person-Organisation,1
kgernbauer,org_landgericht_muenchen,Beschäftigt/tätig,Person-Organisation,1
kgernbauer,org_bayerische_staatskanzlei,Leitung/Geschäftsführung,Person-Organisation,3
kgernbauer,org_bundesrat,Mitglied,Person-Organisation,1
kgernbauer,org_stmuv_bayern,Leitung/Geschäftsführung,Person-Organisation,3
kgernbauer,org_europa_union,Mitglied,Person-Organisation,1
ugoll,org_ufr,Mitglied,Person-Organisation,1
ugoll,org_uni_konstanz,Mitglied,Person-Organisation,1
ugoll,org_landratsamt_bodenseekreis,Mitglied,Person-Organisation,1
ugoll,org_rwu,Dozent/in,Person-Organisation,1
ugoll,org_swf,Beschäftigt/tätig,Person-Organisation,1
ugoll,org_fdp,Mitglied,Person-Organisation,1
ugoll,org_landtag_bw,Mitglied,Person-Organisation,1
ugoll,org_jum_bw,Mitglied,Person-Organisation,1
ugoll,org_projekt_chance,Vorstand/Präsidium,Person-Organisation,2
ugoll,org_kinderstiftung_funke,Kuratorium,Person-Organisation,2
ugoll,org_reinhold_maier_stiftung,Vorstand/Präsidium,Person-Organisation,2
agruslak,org_cdh_stephanus,Beschäftigt/tätig,Person-Organisation,1
agruslak,org_aktion_strassenkinder,Vorstand/Präsidium,Person-Organisation,2
whansch,org_experimenta,Gründer/in,Person-Organisation,3
whansch,org_naturhistorisches_museum_heilbronn,Leitung/Geschäftsführung,Person-Organisation,3
whansch,org_uni_greifswald,Mitglied,Person-Organisation,1
whansch,org_lv_natec,Gründer/in,Person-Organisation,3
whansch,org_hhn,Aufsichtsrat,Person-Organisation,2
hkatus,org_kardiologie_uniklinik_heidelberg,Leitung/Geschäftsführung,Person-Organisation,3
hkatus,org_uni_heidelberg,Dozent/in,Person-Organisation,1
hkatus,org_ich,Mitglied,Person-Organisation,1
hkatus,org_dgk_akademie,Gründer/in,Person-Organisation,3
hkatus,org_dgk,Vorstand/Präsidium,Person-Organisation,2
hkatus,org_crc,Leitung/Geschäftsführung,Person-Organisation,3
hkatus,org_deutsche_herzstiftung,Vorstand/Präsidium,Person-Organisation,2
hpkeller,org_ph_weingarten,Beschäftigt/tätig,Person-Organisation,1
hpkeller,org_kulturgemeinschaft_kressbronn,Gründer/in,Person-Organisation,3
hpkeller,org_galerie_laende,Leitung/Geschäftsführung,Person-Organisation,3
smairhuydts,org_mairdumont,Leitung/Geschäftsführung,Person-Organisation,3
smairhuydts,org_hdm,Aufsichtsrat,Person-Organisation,2
smairhuydts,org_hilde_mair_stiftung,Mitglied,Person-Organisation,1
smairhuydts,org_stuttgarter_kinderstiftung,Aufsichtsrat,Person-Organisation,2
fpitzal,org_st_bonifatius_renningen_malmsheim,Leitung/Geschäftsführung,Person-Organisation,3
fpitzal,org_martinuskirche_malmsheim,Mitglied,Person-Organisation,1
fpitzal,org_st_clemens_weissach,Mitglied,Person-Organisation,1
fpitzal,org_st_raphael_rutesheim,Mitglied,Person-Organisation,1
trehberger,org_staedelschule,Dozent/in,Person-Organisation,1
trehberger,org_kunstmuseum_stuttgart,Beschäftigt/tätig,Person-Organisation,1
trehberger,org_24_stops,Gründer/in,Person-Organisation,3
gschmidtke,org_fraunhofer_ipm,Gründer/in,Person-Organisation,3
gschmidtke,org_solaces,Leitung/Geschäftsführung,Person-Organisation,3
gschmidtke,org_aeltestenkreis_bonhoeffer,Vorstand/Präsidium,Person-Organisation,2
gschmidtke,org_internettreff_freiburg,Gründer/in,Person-Organisation,3
hseidellerch,org_gemeinderat_leutkirch,Mitglied,Person-Organisation,1
hseidellerch,org_cdu_leutkirch,Vorstand/Präsidium,Person-Organisation,2
hseidellerch,org_helferkreis_asyl_leutkirch,Mitglied,Person-Organisation,1
hseidellerch,org_vhs_leutkirch,Mitglied,Person-Organisation,2
hseidellerch,org_frauenbund_leutkirch,Vorstand/Präsidium,Person-Organisation,2
hseidellerch,org_buergerstiftung_leutkirch,Aufsichtsrat,Person-Organisation,2
hseidellerch,org_grundschule_oberer_graben,Leitung/Geschäftsführung,Person-Organisation,3
hseidellerch,org_schulbezirk_leutkirch,Leitung/Geschäftsführung,Person-Organisation,3
hseidellerch,org_schulamt_tettnang,Mitglied,Person-Organisation,1
hseidellerch,org_oberschulamt_tuebingen,Mitglied,Person-Organisation,1
esitzmann,org_gruene,Vorstand/Präsidium,Person-Organisation,2
esitzmann,org_landtag_bw,Mitglied,Person-Organisation,1
esitzmann,org_finanzamt_bw,Leitung/Geschäftsführung,Person-Organisation,3
uspetzger,org_uni_heidelberg,Mitglied,Person-Organisation,1
uspetzger,org_uni_zuerich,Mitglied,Person-Organisation,1
uspetzger,org_rwth_aachen,Mitglied,Person-Organisation,1
uspetzger,org_uniklinik_rwth_aachen,Beschäftigt/tätig,Person-Organisation,1
uspetzger,org_dgnc,Vorstand/Präsidium,Person-Organisation,2
uspetzger,org_neurochirugie_uniklinik_freiburg,Leitung/Geschäftsführung,Person-Organisation,3
uspetzger,org_neurochirugie_klinikum_karlsruhe,Leitung/Geschäftsführung,Person-Organisation,3
uspetzger,org_kit,Dozent/in,Person-Organisation,1
uspetzger,org_danc,Vorstand/Präsidium,Person-Organisation,2
uspetzger,org_klinikum_karlsruhe,Leitung/Geschäftsführung,Person-Organisation,3
uspetzger,org_a_doctors_mind,Beschäftigt/tätig,Person-Organisation,1
nstockhause,org_46_plus_down_syndrom,Gründer/in,Person-Organisation,3
nstockhause,org_projekt_fit,Gründer/in,Person-Organisation,3
nstockhause,org_inklusionscamp_vfb,Gründer/in,Person-Organisation,3
cstreich,org_fussballschule_sc_freiburg,Beschäftigt/tätig,Person-Organisation,1
cstreich,org_sc_freiburg,Leitung/Geschäftsführung,Person-Organisation,3
gtschira,org_carl_bosch_museum,Gründer/in,Person-Organisation,3
gtschira,org_klaus_tschira_stiftung,Mitglied,Person-Organisation,1
gtschira,org_odwin,Gründer/in,Person-Organisation,3
gtschira,org_uni_heidelberg,Vorstand/Präsidium,Person-Organisation,2
htschuch,org_fledermausschutz_bw,Mitglied,Person-Organisation,1
htschuch,org_landratsamt_karlsruhe,Beschäftigt/tätig,Person-Organisation,1
awidmannmauz,org_bundestag,Mitglied,Person-Organisation,1
awidmannmauz,org_frauen_union,Vorstand/Präsidium,Person-Organisation,2
awidmannmauz,org_bmg,Beschäftigt/tätig,Person-Organisation,1
awidmannmauz,org_bundeskanzleramt,Beschäftigt/tätig,Person-Organisation,1
awidmannmauz,org_juedisches_museum_berlin,Aufsichtsrat,Person-Organisation,2
awidmannmauz,org_hospiz_palliativ_stiftung,Aufsichtsrat,Person-Organisation,2
awidmannmauz,org_max_planck_gesellschaft,Mitglied,Person-Organisation,1
awidmannmauz,org_korad_adenauer_stiftung,Mitglied,Person-Organisation,1
awidmannmauz,org_stiftung_friedrich_ebert,Mitglied,Person-Organisation,1
awidmannmauz,org_bundesverband_niere,Botschafter/in,Person-Organisation,1
awidmannmauz,org_arche_noah,Botschafter/in,Person-Organisation,1
awidmannmauz,org_kinder_brauchen_frieden,Botschafter/in,Person-Organisation,1
nwoerner,org_kindernothilfe,Botschafter/in,Person-Organisation,1
nwoerner,org_actors_studio,Mitglied,Person-Organisation,1
bbraun,org_wwf_deutschland,Beschäftigt/tätig,Person-Organisation,3
bbraun,org_aktionsgemeinschaft_artenschutz,Vorstand/Präsidium,Person-Organisation,3
hbreuninger,org_buergerstiftung_stuttgart,Leitung/Geschäftsführung,Person-Organisation,2
hbreuninger,org_helga_breuninger_stiftung,Gründer/in,Person-Organisation,3
hbreuninger,org_junges_ensemble_stuttgart,Gründer/in,Person-Organisation,3
hbreuninger,org_literaturhaus_stuttgart,Leitung/Geschäftsführung,Person-Organisation,2
gcremer,org_uni_freiburg,Dozent/in,Person-Organisation,1
gcremer,org_caritas_international,Beschäftigt/tätig,Person-Organisation,1
gcremer,org_deutscher_caritasverband,Vorstand/Präsidium,Person-Organisation,2
gcremer,org_schader_stiftung,Kuratorium,Person-Organisation,2
gcremer,org_katholische_uni,Dozent/in,Person-Organisation,1
cfuchs,org_landesfrauenrat_bw,Mitglied,Person-Organisation,1
cfuchs,org_cdu,Mitglied,Person-Organisation,1
cfuchs,org_cdu_ravensburg,Mitglied,Person-Organisation,1
cfuchs,org_landesfrauenrat_wh,Vorstand/Präsidium,Person-Organisation,2
cfuchs,org_heimat_und_trachtenverein_eisenharz,Leitung/Geschäftsführung,Person-Organisation,2
ugroos,org_kunstmuseum_stuttgart,Leitung/Geschäftsführung,Person-Organisation,2
ugroos,org_museum_haus_dix,Leitung/Geschäftsführung,Person-Organisation,2
ugroos,org_kulturstiftung_laender,Kuratorium,Person-Organisation,2
ugroos,org_adk_ludwigsburg,Dozent/in,Person-Organisation,1
ugroos,org_kunststiftung_bw,Kuratorium,Person-Organisation,2
fgurrhirsch,org_cdu,Mitglied,Person-Organisation,1
fgurrhirsch,org_landwirtschaftsministerium,Leitung/Geschäftsführung,Person-Organisation,2
fgurrhirsch,org_cdu_fraktion_bw,Leitung/Geschäftsführung,Person-Organisation,2
fgurrhirsch,org_weinbauverband_wuerttemberg,Botschafter/in,Person-Organisation,1
fgurrhirsch,org_deutsches_weininstitut,Botschafter/in,Person-Organisation,1
fgurrhirsch,org_deutsche_musikverbaende,Vorstand/Präsidium,Person-Organisation,2
phaag,org_spd,Mitglied,Person-Organisation,1
phaag,org_spd_neckar_odenwald,Mitglied,Person-Organisation,1
phaag,org_freiwillige_feuerwehr_schwarzach,Mitglied,Person-Organisation,1
phaag,org_drk_schwarzach,Mitglied,Person-Organisation,1
phaag,org_tsv_schwarzach,Mitglied,Person-Organisation,1
phaag,org_kks_odin_schwarzach,Mitglied,Person-Organisation,1
hhaas,org_donum_vitae,Gründer/in,Person-Organisation,3
hhaas,org_elternverein_rottweil,Gründer/in,Person-Organisation,3
hhaas,org_stadtverband_soziales_schramberg,Mitglied,Person-Organisation,1
hhaas,org_bdkj,Mitglied,Person-Organisation,1
bstaudacher,hhoegerle,personell,Person-Person,4
bstaudacher,org_verein_synagoge_rexingen,Gründer/in,Person-Organisation,3
bstaudacher,org_foerderstiftung_betsaal,Gründer/in,Person-Organisation,3
bstaudacher,org_gedenkstaettenverbund_gaeu_neckar_alb,Gründer/in,Person-Organisation,3
hhoegerle,org_verein_synagoge_rexingen,Gründer/in,Person-Organisation,3
hhoegerle,org_foerderstiftung_betsaal,Gründer/in,Person-Organisation,3
hhoegerle,org_gedenkstaettenverbund_gaeu_neckar_alb,Gründer/in,Person-Organisation,3
mhoerrmann,org_schloesser_und_gaerten_bw,Leitung/Geschäftsführung,Person-Organisation,2
mhoerrmann,org_bachakademie,Leitung/Geschäftsführung,Person-Organisation,2
rkehle,org_gemeindetag_bw,Leitung/Geschäftsführung,Person-Organisation,2
rkehle,org_deutscher_gemeindebund,Vorstand/Präsidium,Person-Organisation,2
rkehle,org_versorgungsverband_bw,Aufsichtsrat,Person-Organisation,2
rkehle,org_deutsch_griechisch_wissenstransfer,Gründer/in,Person-Organisation,3
mkahn,org_various_impressions_studio,Gründer/in,Person-Organisation,3
mkahn,org_jugendmusikwerk_baden,Gründer/in,Person-Organisation,3
lkrusegraumann,org_fernuni_hagen,Dozent/in,Person-Organisation,1
lkrusegraumann,org_uni_heidelberg,Dozent/in,Person-Organisation,1
lkrusegraumann,org_unesco_kommission,Mitglied,Person-Organisation,1
lkrusegraumann,org_umweltbeirat_bundesregierung,Mitglied,Person-Organisation,1
lkrusegraumann,org_wuppertal_klimainstitut,Beschäftigt/tätig,Person-Organisation,1
lkrusegraumann,org_nachhaltigkeitsbeirat_bw,Mitglied,Person-Organisation,2
klichy,org_rkh_klinikum_ludwigsburg,Beschäftigt/tätig,Person-Organisation,1
klichy,org_marienhospital,Beschäftigt/tätig,Person-Organisation,1
areineckeeckhardt,org_tafelladen_schwaebisch_gmuend,Gründer/in,Person-Organisation,3
areineckeeckhardt,org_tafellandesverband_bw,Leitung/Geschäftsführung,Person-Organisation,2
aritter,org_ritter_gmbh,Leitung/Geschäftsführung,Person-Organisation,3
aritter,org_ritter_gruppe,Leitung/Geschäftsführung,Person-Organisation,3
aritter,org_ritter_solar_gmbh,Gründer/in,Person-Organisation,3
aritter,org_paradigma,Gründer/in,Person-Organisation,3
rsing,org_aok_bw,Vorstand/Präsidium,Person-Organisation,2
rsing,org_vdk,Vorstand/Präsidium,Person-Organisation,2
rsing,org_landesseniorenrat,Leitung/Geschäftsführung,Person-Organisation,1
rsing,org_vdk_bw,Leitung/Geschäftsführung,Person-Organisation,2
fstaebler,org_sherpa_nepalhilfe,Mitglied,Person-Organisation,1
fstaebler,org_stiftung_sport,Botschafter/in,Person-Organisation,1
pwestrich,org_bundesamt_naturschutz,Beschäftigt/tätig,Person-Organisation,1
pwestrich,org_insititut_kusterdingen,Beschäftigt/tätig,Person-Organisation,1
mwonnay,org_arbeiter_samariter_bund_bw,Leitung/Geschäftsführung,Person-Organisation,2
mwonnay,org_foerderverein_sehbehinderter,Leitung/Geschäftsführung,Person-Organisation,2
mwonnay,org_stiftung_kinderland_bw,Mitglied,Person-Organisation,2
mwonnay,org_spd_landtagsfraktion,Leitung/Geschäftsführung,Person-Organisation,2
mwonnay,org_spd,Mitglied,Person-Organisation,1
rboehmler,org_landratsamt_gp,Beschäftigt/tätig,Person-Organisation,3
rboehmler,org_mwk_bw,Beschäftigt/tätig,Person-Organisation,3
rboehmler,org_bmbw,Beschäftigt/tätig,Person-Organisation,3
rboehmler,org_stm_bw,Beschäftigt/tätig,Person-Organisation,3
rboehmler,org_drf_stiftung,Aufsichtsrat,Person-Organisation,2
rboehmler,org_dac_stuttgart,Vorstand/Präsidium,Person-Organisation,2
rboehmler,org_normenkontrollrat_bw,Mitglied,Person-Organisation,1
jcorneliusbundschuh,org_ev_kirche_baden,Beschäftigt/tätig,Person-Organisation,3
gerler2,org_stm_bw,Beschäftigt/tätig,Person-Organisation,3
gerler2,org_nationalpark_sw,Mitglied,Person-Organisation,1
mgroeger,org_ackermann_gemeinde,Mitglied,Person-Organisation,1
mgroeger,org_staedte_stuttgart_bruenn,Mitglied,Person-Organisation,1
mgroeger,org_buergerverein_muehlhausen,Mitglied,Person-Organisation,1
akhahnbuerger,org_stuttgarter_zeitung,Beschäftigt/tätig,Person-Organisation,3
ghaerle,org_brauerei_haerle,Beschäftigt/tätig,Person-Organisation,3
ghaerle,org_gemeinderat_leutkirch,Mitglied,Person-Organisation,1
ghaerle,org_buergerforum_leutkirch,Vorstand/Präsidium,Person-Organisation,2
ghaerle,org_initiative_bleiberecht,Gründer/in,Person-Organisation,3
ehetger,org_landes_polizei_bw,Beschäftigt/tätig,Person-Organisation,3
ehetger,org_weisser_ring_bw,Vorstand/Präsidium,Person-Organisation,2
ehetger,org_weisser_ring_bund,Mitglied,Person-Organisation,1
ekoehne,org_badisches_landesmuseum,Beschäftigt/tätig,Person-Organisation,3
ekoehne,org_dt_museumsbund,Vorstand/Präsidium,Person-Organisation,2
khmeierbaun,org_uni_tuebingen,Beschäftigt/tätig,Person-Organisation,3
khmeierbaun,org_swr_international,Gründer/in,Person-Organisation,3
khmeierbaun,org_wiss_forum_migration,Gründer/in,Person-Organisation,3
khmeierbaun,org_ifa,Mitglied,Person-Organisation,1
khmeierbaun,org_dgvn_bw,Vorstand/Präsidium,Person-Organisation,2
khmeierbaun,org_rat_migration,Mitglied,Person-Organisation,1
khmeierbaun,org_forum_kulturen_s,Mitglied,Person-Organisation,1
kmurawski,org_stadtrat_nuernberg,Beschäftigt/tätig,Person-Organisation,3
kmurawski,org_buergermeister_stuttgart,Beschäftigt/tätig,Person-Organisation,3
kmurawski,org_stm_bw,Beschäftigt/tätig,Person-Organisation,3
kmurawski,org_spd,Mitglied,Person-Organisation,1
cobergfoell,org_foerderverein_krebskranke_kinder,Mitglied,Person-Organisation,1
cobergfoell,org_dkms,Botschafter/in,Person-Organisation,1
cobergfoell,org_welthungerhilfe,Mitglied,Person-Organisation,1
cobergfoell,org_badischer_sportbund,Botschafter/in,Person-Organisation,1
coezdemir,org_gruene,Vorstand/Präsidium,Person-Organisation,2
coezdemir,org_bundestag,Beschäftigt/tätig,Person-Organisation,3
araff,org_dt_numismatische_ges,Mitglied,Person-Organisation,1
araff,org_landesmuseum_wuerttemberg,Beschäftigt/tätig,Person-Organisation,3
tschnabel,org_haus_geschichte_bw,Beschäftigt/tätig,Person-Organisation,3
gschneider,org_deutsches_inst_aerztl_mission,Beschäftigt/tätig,Person-Organisation,3
gschneider,org_uni_kampala,Beschäftigt/tätig,Person-Organisation,3
gschneider,org_hospiz_tuebingen,Gründer/in,Person-Organisation,3
bschoelkopf,org_mpi_intelligente_systeme,Beschäftigt/tätig,Person-Organisation,3
bschoelkopf,org_cyber_valley,Gründer/in,Person-Organisation,3
bschoelkopf,org_leopoldina,Mitglied,Person-Organisation,1
iteipelke,org_uni_freiburg,Mitglied,Person-Organisation,1
iteipelke,org_ilse_teipelke_stiftung,Gründer/in,Person-Organisation,3
curspruch,org_verein_lichtblick_wangen,Mitglied,Person-Organisation,1
curspruch,org_vesperkirche_weingarten,Mitglied,Person-Organisation,1
uvogt,org_spd,Mitglied,Person-Organisation,1
uvogt,org_bundestag,Beschäftigt/tätig,Person-Organisation,3
uvogt,org_rotkreuz_stiftung,Vorstand/Präsidium,Person-Organisation,2
uvogt,org_stiftung_energie_klima_bw,Mitglied,Person-Organisation,1
uvogt,org_dlrg,Vorstand/Präsidium,Person-Organisation,2
uvogt,org_thw_jugend,Vorstand/Präsidium,Person-Organisation,2
bvoesteralber,org_geze,Leitung/Geschäftsführung,Person-Organisation,3
bvoesteralber,org_kunstgalerie_leonberg,Mitglied,Person-Organisation,1
bvoesteralber,org_literaturhaus_stuttgart,Mitglied,Person-Organisation,1
bvoesteralber,org_haus_geschichte_bw,Mitglied,Person-Organisation,1
bvoesteralber,org_stiftung_oelgaele,Mitglied,Person-Organisation,1
bvoesteralber,org_blindenwerkstatt_esslingen,Mitglied,Person-Organisation,1
rwehrle,org_narrenzuenfte,Vorstand/Präsidium,Person-Organisation,2
rwehrle,org_narrenschopf,Gründer/in,Person-Organisation,3
rwehrle,org_kinderkrebsnachsorge,Vorstand/Präsidium,Person-Organisation,2
rwehrle,org_klinik_tannheim,Beschäftigt/tätig,Person-Organisation,3
erwiehn,org_uni_konstanz,Beschäftigt/tätig,Person-Organisation,3
erwiehn,org_dig_bodensee,Gründer/in,Person-Organisation,3
erwiehn,org_jued_gemeinde_kreuzlingen,Vorstand/Präsidium,Person-Organisation,2
rwieland,org_cdu,Mitglied,Person-Organisation,1
rwieland,org_ep,Beschäftigt/tätig,Person-Organisation,3
rwieland,org_region_stuttgart,Mitglied,Person-Organisation,1
rwieland,org_foerderverein_dialekte,Mitglied,Person-Organisation,1
kalex,org_under2,Gründer/in,Person-Organisation,3
fbaum,org_bund_bw,Mitglied,Person-Organisation,1
fbaum,org_umwelt_vhs_wyhl,Gründer/in,Person-Organisation,3
fbaum,org_lnv_bw,Vorstand/Präsidium,Person-Organisation,2
cbierlmeier,org_kinder_brauchen_frieden,Gründer/in,Person-Organisation,3
cbierlmeier,org_spd_hechingen,Vorstand/Präsidium,Person-Organisation,2
cbierlmeier,org_foerderverein_foerderschule_hechingen,Gründer/in,Person-Organisation,3
aclesle,org_kulturinitiative_bohnenviertel,Gründer/in,Person-Organisation,3
aclesle,org_handicaptions,Gründer/in,Person-Organisation,3
idecastro,org_linden_museum,Leitung/Geschäftsführung,Person-Organisation,3
hfranke,org_kreisdiakonieverbands_rems_murr,Leitung/Geschäftsführung,Person-Organisation,3
hfranke,org_ev_stiftskirche_backnang,Mitglied,Person-Organisation,1
hfranke,org_kinder_jugendhilfe_backnang,Vorstand/Präsidium,Person-Organisation,2
hfranke,org_schwaebische_tafel,Gründer/in,Person-Organisation,3
hfranke,org_sowas,Gründer/in,Person-Organisation,3
hfranke,org_gemeinderat_backnang,Mitglied,Person-Organisation,1
hfranke,org_stiftung_lebenszeit,Vorstand/Präsidium,Person-Organisation,2
tguldimann,org_uni_zuerich,Beschäftigt/tätig,Person-Organisation,3
tguldimann,org_uni_freiburg,Beschäftigt/tätig,Person-Organisation,3
tguldimann,org_uni_frankfurt,Beschäftigt/tätig,Person-Organisation,3
tguldimann,org_uni_bern,Beschäftigt/tätig,Person-Organisation,3
tguldimann,org_college_europe,Beschäftigt/tätig,Person-Organisation,3
tguldimann,org_schweizer_nationalrat,Beschäftigt/tätig,Person-Organisation,1
rkarcher,org_lfvs,Vorstand/Präsidium,Person-Organisation,2
rkarcher,org_blhv,Vorstand/Präsidium,Person-Organisation,2
rkarcher,org_dlv_landfrauenverband,Mitglied,Person-Organisation,1
rkarcher,org_welthungerhilfe,Vorstand/Präsidium,Person-Organisation,2
rkarcher,org_gemeinderat_achern,Mitglied,Person-Organisation,1
rkarcher,org_dorfhelferinnenwerk_soelden,Vorstand/Präsidium,Person-Organisation,2
jklopp,org_fc_liverpool,Vorstand/Präsidium,Person-Organisation,3
jklopp,org_respekt_kampagne,Botschafter/in,Person-Organisation,1
mkrautter,org_uni_stuttgart,Beschäftigt/tätig,Person-Organisation,3
mkrautter,org_naturparkfuehrer_sw_wald,Gründer/in,Person-Organisation,3
mkrautter,org_koehlerverein_sw_wald,Gründer/in,Person-Organisation,3
mkrautter,org_musikverein_pluedhausen,Vorstand/Präsidium,Person-Organisation,1
nleone,org_tuerkischer_kulturverein_kw,Vorstand/Präsidium,Person-Organisation,2
nleone,org_integrationspunkt_kw,Gründer/in,Person-Organisation,3
nleone,org_auslaendertreff_kw,Vorstand/Präsidium,Person-Organisation,2
nleone,org_ak_offene_jugendarbeit_kw,Mitglied,Person-Organisation,1
mlieb,org_vcd_bw,Vorstand/Präsidium,Person-Organisation,2
mlieb,org_fahrgastbeirat_bw,Vorstand/Präsidium,Person-Organisation,2
cniemeyer,org_uni_freiburg_kinderklinik,Beschäftigt/tätig,Person-Organisation,3
cniemeyer,org_foerderverein_krebskranke_kinder_fr,Kuratorium,Person-Organisation,1
cniemeyer,org_initiative_kinderklinik_fr,Gründer/in,Person-Organisation,3
hrampp,org_fonds_heimerziehung,Mitglied,Person-Organisation,1
hrampp,org_beratungsstelle_heimerziehung_bw,Mitglied,Person-Organisation,1
pschobel,org_diozese_rottenburg_stuttgart,Beschäftigt/tätig,Person-Organisation,3
pschobel,org_az_zentrum_boeblingen,Gründer/in,Person-Organisation,3
pschobel,org_swr,Beschäftigt/tätig,Person-Organisation,1
rsteegmann,org_cerd,Mitglied,Person-Organisation,1
itoroek,org_vs_bw,Vorstand/Präsidium,Person-Organisation,2
itoroek,org_vs_bund,Vorstand/Präsidium,Person-Organisation,2
itoroek,org_pen_deutschland,Mitglied,Person-Organisation,1
itoroek,org_fairlag,Gründer/in,Person-Organisation,3
itoroek,org_worte_gegen_rechts,Gründer/in,Person-Organisation,3
mwikelski,org_uni_konstanz,Beschäftigt/tätig,Person-Organisation,3
mwikelski,org_mpi_ornithologie,Beschäftigt/tätig,Person-Organisation,3
mwikelski,org_icarus,Gründer/in,Person-Organisation,3
cstreich,org_sc_freiburg,Beschäftigt/tätig,Person-Organisation,3
wzoller,org_uk_tuebingen,Beschäftigt/tätig,Person-Organisation,3
hnanz,org_helmut_nanz_stiftung,Vorstand/Präsidium,Person-Organisation,2
hnanz,org_indien_stiftung,Vorstand/Präsidium,Person-Organisation,2
hnanz,org_dig_indisch_stuttgart,Vorstand/Präsidium,Person-Organisation,2
hnanz,org_honorarkonsulat_indien_stuttgart,Beschäftigt/tätig,Person-Organisation,3
hnanz,org_ihk_region_stuttgart,Vorstand/Präsidium,Person-Organisation,2
hnanz,org_initiativkreis_stiftungen_s,Vorstand/Präsidium,Person-Organisation,2
hnanz,org_drf,Vorstand/Präsidium,Person-Organisation,2
hnanz,org_stuttgarter_kammerorchester,Vorstand/Präsidium,Person-Organisation,2
hnanz,org_collegium_iuvenum,Vorstand/Präsidium,Person-Organisation,2
hnanz,org_schlossfestspiele_lb,Aufsichtsrat,Person-Organisation,2
hnanz,org_bachakademie_stuttgart,Kuratorium,Person-Organisation,1
hnanz,org_buerostiftung_stuttgart,Vorstand/Präsidium,Person-Organisation,2
bbosch,org_stiftungsrat_philharmonie,Leitung/Geschäftsführung,Person-Organisation,2
bbosch,org_fairenergie_reutlingen,Aufsichtsrat,Person-Organisation,2
bbosch,org_staedtetag_bw,Vorstand/Präsidium,Person-Organisation,2
bbosch,org_drk_bw,Vorstand/Präsidium,Person-Organisation,2
bbosch,org_regionalverband_neckar_alb,Mitglied,Person-Organisation,1
ebrenner,org_kreissparkasse_badmergentheim,Vorstand/Präsidium,Person-Organisation,2
ebrenner,org_kitzberg_klinik,Aufsichtsrat,Person-Organisation,2
ebrenner,org_drk_bw,Mitglied,Person-Organisation,1
ebrenner,org_stiftung_lebenshilfe,Vorstand/Präsidium,Person-Organisation,2
ebrenner,org_drk_mergentheim,Beschäftigt/tätig,Person-Organisation,1
ebrenner,org_stiftung_fechtsport,Beschäftigt/tätig,Person-Organisation,1
ebrenner,org_stadtkirche_weikersheim,Beschäftigt/tätig,Person-Organisation,1
ebrenner,org_jeunesses_musicales,Vorstand/Präsidium,Person-Organisation,2
gerler1,org_spd,Mitglied,Person-Organisation,1
gerler1,org_auswaertiges_amt,Beschäftigt/tätig,Person-Organisation,2
gerler1,org_bundesregierung,Beschäftigt/tätig,Person-Organisation,1
gerler1,org_spd_bundestagsfraktion,Beschäftigt/tätig,Person-Organisation,1
gerler1,org_eln,Botschafter/in,Person-Organisation,1
cewigleben,org_landesmuseum_wuerttemberg,Leitung/Geschäftsführung,Person-Organisation,2
cewigleben,org_stiftung_preussischer_kulturbesitz,Kuratorium,Person-Organisation,1
cewigleben,org_stiftung_historische_museen,Kuratorium,Person-Organisation,1
mfeierlingrombach,org_cdu,Mitglied,Person-Organisation,1
mfeierlingrombach,org_inselbrauerei_feierling,Gründer/in,Person-Organisation,3
mfeierlingrombach,org_verband_unternehmerinnen,Leitung/Geschäftsführung,Person-Organisation,2
mfeierlingrombach,org_prestel_stiftung,Mitglied,Person-Organisation,1
mfeierlingrombach,org_slowbrewing,Mitglied,Person-Organisation,1
mfeierlingrombach,org_gastliches_freiburg,Leitung/Geschäftsführung,Person-Organisation,2
phoffmann,org_zeugen_der_zeitzeugen,Botschafter/in,Person-Organisation,1
fhuby,org_der_spiegel,Beschäftigt/tätig,Person-Organisation,1
fhuby,org_wdr,Beschäftigt/tätig,Person-Organisation,1
fhuby,org_swr,Beschäftigt/tätig,Person-Organisation,1
fhuby,org_ard,Beschäftigt/tätig,Person-Organisation,1
uluettich,org_vertriebene_frauen,Vorstand/Präsidium,Person-Organisation,2
uluettich,org_bund_der_vertriebenen,Vorstand/Präsidium,Person-Organisation,2
uluettich,org_landsmannschaft_ostpreussen_bw,Leitung/Geschäftsführung,Person-Organisation,2
uluettich,org_kulturstiftung_vertriebene,Mitglied,Person-Organisation,1
wmaier,org_walldorfkindergarten_fellbach,Gründer/in,Person-Organisation,3
wmaier,org_foerderkreis_walldorfpaedagogik,Gründer/in,Person-Organisation,3
wmaier,org_hgm_stiftung,Gründer/in,Person-Organisation,3
pneher,org_caritas,Leitung/Geschäftsführung,Person-Organisation,2
pneher,org_deutsche_bischofskonferenz,Beschäftigt/tätig,Person-Organisation,1
orenn,org_umweltbeirat_bundesregierung,Mitglied,Person-Organisation,1
orenn,org_ethikkommission_energieversorgung,Mitglied,Person-Organisation,1
orenn,org_buergerrat_klima,Kuratorium,Person-Organisation,1
hruehle,org_gruene,Beschäftigt/tätig,Person-Organisation,1
hruehle,org_europaeische_parlament,Beschäftigt/tätig,Person-Organisation,1
hruehle,org_europa_union,Vorstand/Präsidium,Person-Organisation,2
hruehle,org_gruene_bw,Aufsichtsrat,Person-Organisation,2
jschaut,org_oberschwaebische_kalender,Gründer/in,Person-Organisation,3
hschwenninger,org_entomologischer_verein_stuttgart,Beschäftigt/tätig,Person-Organisation,1
hschwenninger,org_naturkundemuseum_stuttgart,Beschäftigt/tätig,Person-Organisation,1
hschwenninger,org_wildbienenzentrum,Gründer/in,Person-Organisation,3
gstratthaus,org_bw_bank,Aufsichtsrat,Person-Organisation,2
gstratthaus,org_brauerei_rothaus,Vorstand/Präsidium,Person-Organisation,2
gstratthaus,org_landeskreditbank,Aufsichtsrat,Person-Organisation,2
gstratthaus,org_schwetzinger_festspiele,Beschäftigt/tätig,Person-Organisation,1
gstratthaus,org_lbbw,Aufsichtsrat,Person-Organisation,2
gstratthaus,org_lbank,Aufsichtsrat,Person-Organisation,2
gstratthaus,org_enbw,Aufsichtsrat,Person-Organisation,2
gstratthaus,org_zew,Kuratorium,Person-Organisation,1
gstratthaus,org_cdu,Mitglied,Person-Organisation,1
gwerner,org_dm,Gründer/in,Person-Organisation,3
gwerner,org_kit,Mitglied,Person-Organisation,1
gwerner,org_gls_bank,Aufsichtsrat,Person-Organisation,1
mwittenstein,org_wittenstein,Leitung/Geschäftsführung,Person-Organisation,3
mwittenstein,org_wittenstein_stiftung,Gründer/in,Person-Organisation,3
kallgoewer,org_vfb,Mitglied,Person-Organisation,1
kallgoewer,org_sportler_fuer_den_frieden,Mitglied,Person-Organisation,1
kallgoewer,org_kinderlachen,Mitglied,Person-Organisation,1
ebreckwoldt,org_cdu,Vorstand/Präsidium,Person-Organisation,3
ebreckwoldt,org_frauen_kinderschutzhaus,Leitung/Geschäftsführung,Person-Organisation,3
ebreckwoldt,org_stadtseniorenbeirat,Vorstand/Präsidium,Person-Organisation,3
udietz,org_gft,Leitung/Geschäftsführung,Person-Organisation,3
udietz,org_code_n,Gründer/in,Person-Organisation,3
udietz,org_bitkom,Gründer/in,Person-Organisation,3
kafischer,org_fischer,Leitung/Geschäftsführung,Person-Organisation,3
efreund,org_brauerei_goldochsen,Leitung/Geschäftsführung,Person-Organisation,3
efreund,org_lions_club,Mitglied,Person-Organisation,1
efreund,org_aok_bezirksrat,Mitglied,Person-Organisation,1
efreund,org_universitaetsbund_hohenheim,Mitglied,Person-Organisation,1
whacke,org_ruprecht_karls_universitaet,Dozent/in,Person-Organisation,2
whacke,org_uni_heidelberg,Dozent/in,Person-Organisation,2
mholtmann,org_sdr,Beschäftigt/tätig,Person-Organisation,2
wkamphausen,org_brueckenhaus,Vorstand/Präsidium,Person-Organisation,3
wkamphausen,org_gruene,Mitglied,Person-Organisation,1
wkamphausen,org_starkes_kirchheim,Gründer/in,Person-Organisation,3
hbour,org_dioezese_rottenburg_stuttgart,Beschäftigt/tätig,Person-Organisation,1
abraig,khartmann,personell,Person-Person,4
khartmann,abraig,personell,Person-Person,4
abraig,org_hartman_elektronik,Gründer/in,Person-Organisation,3
abraig,org_komede_scheuer,Gründer/in,Person-Organisation,3
khartmann,org_hartman_elektronik,Gründer/in,Person-Organisation,3
khartmann,org_komede_scheuer,Gründer/in,Person-Organisation,3
khartmann,org_standard_elektrik_lorenz,Beschäftigt/tätig,Person-Organisation,1
cacau,org_uniao_mogi_fc,Mitglied,Person-Organisation,1
cacau,org_se_palmeiras,Mitglied,Person-Organisation,1
cacau,org_national_ac_sao_paulo,Mitglied,Person-Organisation,1
cacau,org_sv_tuerk_guecue,Mitglied,Person-Organisation,1
cacau,org_fc_nuernberg,Mitglied,Person-Organisation,1
cacau,org_vfb,Mitglied,Person-Organisation,1
cacau,org_deutsche_fussballnationalmannschaft,Mitglied,Person-Organisation,1
cacau,org_dfb,Botschafter/in,Person-Organisation,1
cacau,org_ness_network,Leitung/Geschäftsführung,Person-Organisation,3
cacau,org_pro_christ,Kuratorium,Person-Organisation,2
cacau,org_world_vision,Botschafter/in,Person-Organisation,1
cacau,org_deutsche_kindersuchthilfe,Kuratorium,Person-Organisation,2
avondewitz,org_vaude,Leitung/Geschäftsführung,Person-Organisation,3
avondewitz,org_uni_hohenheim,Beschäftigt/tätig,Person-Organisation,1
avondewitz,org_gemeinwohl_oekonomie,Botschafter/in,Person-Organisation,1
avondewitz,org_albrecht_von_dewitz_stiftung,Vorstand/Präsidium,Person-Organisation,2
avondewitz,org_bleiberecht_durch_arbeit,Gründer/in,Person-Organisation,3
avondewitz,org_bnw,Vorstand/Präsidium,Person-Organisation,2
avondewitz,org_buendnis_nachhaltige_textilien,Gründer/in,Person-Organisation,3
avondewitz,org_european_outdoor_group,Vorstand/Präsidium,Person-Organisation,2
avondewitz,org_dbu,Kuratorium,Person-Organisation,2
avondewitz,org_bmwe,Mitglied,Person-Organisation,1
avondewitz,org_ufz,Mitglied,Person-Organisation,1
cfritschi,org_aktion_kinderherz,Gründer/in,Person-Organisation,1
cfritschi,org_suedkurier,personell,Person-Organisation,1
cfritschi,org_uniklinik_tuebingen,Beschäftigt/tätig,Person-Organisation,1
cfritschi,org_bilbassi,Beschäftigt/tätig,Person-Organisation,1
dkosslick,org_lmu_muenchen,Beschäftigt/tätig,Person-Organisation,1
dkosslick,org_senatskanzlei_hamburg,Beschäftigt/tätig,Person-Organisation,1
dkosslick,org_konkret,Beschäftigt/tätig,Person-Organisation,1
dkosslick,org_hamburger_filmbuero,Leitung/Geschäftsführung,Person-Organisation,3
dkosslick,org_eu_low_budget_film_forum,Gründer/in,Person-Organisation,3
dkosslick,org_film_fonds_hamburg,Leitung/Geschäftsführung,Person-Organisation,3
dkosslick,org_efdo,Gründer/in,Person-Organisation,3
dkosslick,org_filmstiftung_nrw,Leitung/Geschäftsführung,Person-Organisation,3
dkosslick,org_berlinale,Leitung/Geschäftsführung,Person-Organisation,3
dkosslick,org_ifs,Leitung/Geschäftsführung,Person-Organisation,3
dkosslick,org_european_film_academy,Vorstand/Präsidium,Person-Organisation,2
dkosslick,org_ffa,Beschäftigt/tätig,Person-Organisation,1
dkosslick,org_european_film_college,Vorstand/Präsidium,Person-Organisation,2
dkosslick,org_zdf,Mitglied,Person-Organisation,1
dkosslick,org_wir_helfen_afrika,Botschafter/in,Person-Organisation,1
dkosslick,org_active_aid_africa,Mitglied,Person-Organisation,1
dkosslick,org_carl_laemmle_produzentenpreis,Beschäftigt/tätig,Person-Organisation,1
hmojem,org_haus_donauschwaben,Leitung/Geschäftsführung,Person-Organisation,3
hmojem,org_hdm,Mitglied,Person-Organisation,1
dmoritz,org_lus_heinsheim,Beschäftigt/tätig,Person-Organisation,1
dmoritz,org_schulamt_pforzheim,Beschäftigt/tätig,Person-Organisation,1
dmoritz,org_schulamt_karlsruhe,Beschäftigt/tätig,Person-Organisation,1
dmoritz,org_gew_nordbaden,Leitung/Geschäftsführung,Person-Organisation,3
dmoritz,org_kultusministerium_bw,Beschäftigt/tätig,Person-Organisation,1
dmoritz,org_ikj_heinsheim,Vorstand/Präsidium,Person-Organisation,2
dmoritz,org_gew_bw,Vorstand/Präsidium,Person-Organisation,2
dmoritz,org_finanzamt_bw,Mitglied,Person-Organisation,1
dmoritz,org_tennisclub_heinsheim,Mitglied,Person-Organisation,1
dmoritz,org_swr,Aufsichtsrat,Person-Organisation,2
rmueller1,org_pauluskirche_ulm,Beschäftigt/tätig,Person-Organisation,1
rmueller1,org_vesperkirche_ulm,Gründer/in,Person-Organisation,3
rmueller1,org_telefonseelsorge_ulm,Leitung/Geschäftsführung,Person-Organisation,3
rmueller1,org_fluechtlingskreis_ulm,Gründer/in,Person-Organisation,3
rmueller1,org_gemeinderat_ulm,Mitglied,Person-Organisation,1
rmueller1,org_spd_ulm,Vorstand/Präsidium,Person-Organisation,2
rmueller1,org_theater_uluem,Gründer/in,Person-Organisation,3
rmueller2,org_schauspielschule_bochum,Mitglied,Person-Organisation,1
rmueller2,org_tatort,Beschäftigt/tätig,Person-Organisation,1
rmueller2,org_eurosport,Beschäftigt/tätig,Person-Organisation,1
rmueller2,org_n_tv,Beschäftigt/tätig,Person-Organisation,1
rmueller2,org_arche_intensivkinder,Botschafter/in,Person-Organisation,1
rmueller2,org_gemeinsam_mit_afrika,Botschafter/in,Person-Organisation,1
rmueller2,org_buergerstiftung_stuttgart,Botschafter/in,Person-Organisation,1
rmueller2,org_christiane_eichenhofer_stiftung,Botschafter/in,Person-Organisation,1
gmuellertrimbusch,org_stuttgart,Leitung/Geschäftsführung,Person-Organisation,3
gmuellertrimbusch,org_staedtetag_bw,Mitglied,Person-Organisation,1
gmuellertrimbusch,org_familie_in_not,Aufsichtsrat,Person-Organisation,2
gmuellertrimbusch,org_stiftung_theodor_heuss_haus,Vorstand/Präsidium,Person-Organisation,2
gmuellertrimbusch,org_theater_rampe,Vorstand/Präsidium,Person-Organisation,2
gmuellertrimbusch,org_forum_region_stuttgart,Vorstand/Präsidium,Person-Organisation,2
gmuellertrimbusch,org_freundeskreis_uni_tel_aviv,Vorstand/Präsidium,Person-Organisation,2
gmuellertrimbusch,org_gcjz_stuttgart,Vorstand/Präsidium,Person-Organisation,2
wpokorny,org_abk_karlsruhe,Mitglied,Person-Organisation,1
wpokorny,org_uni_karlsruhe,Mitglied,Person-Organisation,1
wpokorny,org_abk_stuttgart,Dozent/in,Person-Organisation,1
wpokorny,org_deutscher_kuenstlerbund,Mitglied,Person-Organisation,1
wpokorny,org_kuenstlerbund_bw,Vorstand/Präsidium,Person-Organisation,2
wpokorny,org_kunstverein_wilhelmshoehe_ettlingen,Vorstand/Präsidium,Person-Organisation,2
wpokorny,org_kunstkommission_bw,Mitglied,Person-Organisation,1
lreisch,org_uni_hohenheim,Mitglied,Person-Organisation,1
lreisch,org_copenhagen_business_school,Dozent/in,Person-Organisation,1
lreisch,org_verbraucherkomission_bw,Mitglied,Person-Organisation,1
lreisch,org_uni_zeppelin,Dozent/in,Person-Organisation,1
lreisch,org_bmjv,Mitglied,Person-Organisation,1
lreisch,org_beirat_nachhaltige_entwicklung_bw,Mitglied,Person-Organisation,1
lreisch,org_rat_nachhaltige_entwicklung,Mitglied,Person-Organisation,1
lreisch,org_ethikkommission_energieversorgung,Mitglied,Person-Organisation,1
lreisch,org_stiftung_warentest,Aufsichtsrat,Person-Organisation,2
lreisch,org_porsche,Beschäftigt/tätig,Person-Organisation,1
lreisch,org_schufa,Mitglied,Person-Organisation,1
lreisch,org_acatech,Mitglied,Person-Organisation,1
lreisch,org_uni_cambridge,Dozent/in,Person-Organisation,1
eschneiderborgmann,org_stelle_gleichberechtigung_freiburg,Gründer/in,Person-Organisation,3
eschneiderborgmann,org_dfr_freiburg,Mitglied,Person-Organisation,1
eschneiderborgmann,org_frau_technik_computerschule,Gründer/in,Person-Organisation,3
eschneiderborgmann,org_deutscher_frauenring,Vorstand/Präsidium,Person-Organisation,2
eschneiderborgmann,org_deutscher_frauenrat,Vorstand/Präsidium,Person-Organisation,2
eschneiderborgmann,org_dfr_breisgau,Gründer/in,Person-Organisation,3
wsteul,org_swr,Leitung/Geschäftsführung,Person-Organisation,3
wsteul,org_deutschlandradio,Leitung/Geschäftsführung,Person-Organisation,3
wsteul,org_deutscher_freundeskreis_europaeischer_jugendorchester,Vorstand/Präsidium,Person-Organisation,2
wsteul,org_landesmusikrat_bw,Vorstand/Präsidium,Person-Organisation,2
wsteul,org_ihwa,Vorstand/Präsidium,Person-Organisation,2
wsteul,org_ifm_koeln,Kuratorium,Person-Organisation,2
wsteul,org_deutsche_welthungerhilfe,Kuratorium,Person-Organisation,2
wsteul,org_uni_konstanz,Aufsichtsrat,Person-Organisation,2
mstolz,org_gemeinderat_ulm,Mitglied,Person-Organisation,1
mstolz,org_cdu,Mitglied,Person-Organisation,1
mstolz,org_landtag_bw,Mitglied,Person-Organisation,1
mstolz,org_msag_bw,Mitglied,Person-Organisation,1
mstolz,org_kinderland_bw,Vorstand/Präsidium,Person-Organisation,2
mstolz,org_veronika_stiftung,Aufsichtsrat,Person-Organisation,2
mstolz,org_familien_bildungsstaette_ulm,Vorstand/Präsidium,Person-Organisation,2
mstolz,org_stiftung_singen_kinder,Aufsichtsrat,Person-Organisation,2
mstolz,org_zdk,Mitglied,Person-Organisation,1
mstolz,org_dioezese_rottenburg_stuttgart,Vorstand/Präsidium,Person-Organisation,2
cstuermer,org_contergannetzwerk_deutschland,Gründer/in,Person-Organisation,3
cstuermer,org_contergan_stiftung,Aufsichtsrat,Person-Organisation,2
cstuermer,org_netzwerk_behinerung_cdu_bw,Leitung/Geschäftsführung,Person-Organisation,3
eveit,org_uni_stuttgart,Mitglied,Person-Organisation,1
eveit,org_maerklin,Beschäftigt/tätig,Person-Organisation,1
eveit,org_kaercher,Beschäftigt/tätig,Person-Organisation,1
eveit,org_festo,Leitung/Geschäftsführung,Person-Organisation,3
eveit,org_tum,Mitglied,Person-Organisation,1
eveit,org_windreich,Aufsichtsrat,Person-Organisation,2
eveit,org_40_veit,Gründer/in,Person-Organisation,3
eveit,org_phoenix_contat,Beschäftigt/tätig,Person-Organisation,1
eveit,org_acatech,Mitglied,Person-Organisation,1
eveit,org_bosch,Beschäftigt/tätig,Person-Organisation,1
eveit,org_bizerba,Aufsichtsrat,Person-Organisation,2
eveit,org_tuev_sued,Aufsichtsrat,Person-Organisation,2
eveit,org_sick_ag,Aufsichtsrat,Person-Organisation,2
eveit,org_stifterverband,Mitglied,Person-Organisation,1
eveit,org_frauenhofer_iao,Kuratorium,Person-Organisation,2
eveit,org_vdma,Vorstand/Präsidium,Person-Organisation,2
eveit,org_hannover_messe,Aufsichtsrat,Person-Organisation,2
eveit,org_innovationsrat_bw,Mitglied,Person-Organisation,1
rwalter,org_ccfa,Leitung/Geschäftsführung,Person-Organisation,3
cwuerth,org_zf_friedrichshafen,Gründer/in,Person-Organisation,3
cwuerth,org_hotel_anne_sophie,Gründer/in,Person-Organisation,3
cwuerth,org_stiftung_wuerth,Gründer/in,Person-Organisation,3
cwuerth,org_stiftung_behinderte_sassen,Gründer/in,Person-Organisation,3
cwuerth,org_ithemba_labantu,Beschäftigt/tätig,Person-Organisation,1
cwuerth,org_special_olympics_deutschland,Vorstand/Präsidium,Person-Organisation,2
cwuerth,org_andreas_froehlich_schule,Beschäftigt/tätig,Person-Organisation,1
wassfalg,org_heimatverein_haltern,Vorstand/Präsidium,Person-Organisation,2
wassfalg,org_ph_weingarten,Mitglied,Person-Organisation,1
wassfalg,org_st_gerhard_schule,Leitung/Geschäftsführung,Person-Organisation,3
wassfalg,org_stuetzles_halb_stompers,Gründer/in,Person-Organisation,3
wassfalg,org_vogelwarte_radolfzell,Beschäftigt/tätig,Person-Organisation,1
wassfalg,org_kirchengemeinde_riedlingen,Aufsichtsrat,Person-Organisation,2
wassfalg,org_albert_burkart_stiftung,Gründer/in,Person-Organisation,3
wassfalg,org_museum_schoene_stiege,Leitung/Geschäftsführung,Person-Organisation,3
wassfalg,org_staedtische_galerie_riedlingen,Leitung/Geschäftsführung,Person-Organisation,3
mbamberg,org_uniklinik_essen,Beschäftigt/tätig,Person-Organisation,1
mbamberg,org_uni_tuebingen,Dozent/in,Person-Organisation,1
mbamberg,org_uniklinik_tuebingen,Leitung/Geschäftsführung,Person-Organisation,3
mbamberg,org_degro,Gründer/in,Person-Organisation,3
mbamberg,org_vud,Vorstand/Präsidium,Person-Organisation,2
mbamberg,org_krebsverband_bw,Vorstand/Präsidium,Person-Organisation,2
mbamberg,org_deutsche_krebshilfe,Mitglied,Person-Organisation,1
mbamberg,org_akademie_leopoldina,Mitglied,Person-Organisation,1
mbamberg,org_deutsche_krebsgesellschaft,Vorstand/Präsidium,Person-Organisation,2
mbamberg,org_deutsche_krebsstiftung,Vorstand/Präsidium,Person-Organisation,2
mbamberg,org_nationaler_krebsplan,Gründer/in,Person-Organisation,3
mbamberg,org_landesbeirat_onkologie_bw,Leitung/Geschäftsführung,Person-Organisation,3
mbamberg,org_cdu,Mitglied,Person-Organisation,1
ddemir,org_mor_gabriel_kirchardt,Vorstand/Präsidium,Person-Organisation,2
ddemir,org_bvdad,Leitung/Geschäftsführung,Person-Organisation,3
ddemir,org_uni_heidelberg,Mitglied,Person-Organisation,1
ddemir,org_forum_institut_management,Beschäftigt/tätig,Person-Organisation,1
ceichenhofer,org_christiane_eichenhofer_stiftung,Gründer/in,Person-Organisation,3
igoenner,org_uni_heidelberg,Mitglied,Person-Organisation,1
igoenner,org_landgericht_ulm,Beschäftigt/tätig,Person-Organisation,1
igoenner,org_spd,Mitglied,Person-Organisation,1
igoenner,org_gemeinderat_ulm,Vorstand/Präsidium,Person-Organisation,2
igoenner,org_stadtwerke_ulm,Aufsichtsrat,Person-Organisation,2
igoenner,org_bundes_sgk_bw,Vorstand/Präsidium,Person-Organisation,2
igoenner,org_staedtetag_bw,Vorstand/Präsidium,Person-Organisation,2
igoenner,org_deutscher_staedtetag,Vorstand/Präsidium,Person-Organisation,2
igoenner,org_doppstadt_partner,Beschäftigt/tätig,Person-Organisation,1
nhamberger,org_kwamndolwa_sisters,Beschäftigt/tätig,Person-Organisation,1
choffmann,org_bosch,Leitung/Geschäftsführung,Person-Organisation,3
choffmann,org_hh_senior_advisors,Gründer/in,Person-Organisation,3
choffmann,org_enbw,Aufsichtsrat,Person-Organisation,3
choffmann,org_ing_diba,Aufsichtsrat,Person-Organisation,3
choffmann,org_charlottenklinik,Aufsichtsrat,Person-Organisation,3
choffmann,org_jdzb,Aufsichtsrat,Person-Organisation,3
choffmann,org_vfus,Mitglied,Person-Organisation,1
ejeggle,org_cdu,Mitglied,Person-Organisation,1
ejeggle,org_cdu_hohenzollern,Vorstand/Präsidium,Person-Organisation,2
ejeggle,org_cdu_biberach,Vorstand/Präsidium,Person-Organisation,2
ejeggle,org_kreistag_biberach,Mitglied,Person-Organisation,1
ejeggle,org_evp_ed,Vorstand/Präsidium,Person-Organisation,2
ejeggle,org_ep,Mitglied,Person-Organisation,1
ejeggle,org_dioezese_rottenburg_stuttgart,Mitglied,Person-Organisation,1
ejeggle,org_stiftung_katholische_freie_schule,Aufsichtsrat,Person-Organisation,2
ejeggle,org_landfrauen_bw,Mitglied,Person-Organisation,1
ejeggle,org_obst_gartenbauverein_biberach,Mitglied,Person-Organisation,1
ejeggle,org_verein_schwaebischer_dialekt,Mitglied,Person-Organisation,1
jjoly,org_stiftung_akademie_schloss_solitude,Leitung/Geschäftsführung,Person-Organisation,3
jjoly,org_institut_francais_stuttgart,Leitung/Geschäftsführung,Person-Organisation,3
jjoly,org_weissensee_berlin,Dozent/in,Person-Organisation,1
jjoly,org_rudolf_eberle_stiftung,Vorstand/Präsidium,Person-Organisation,2
jjoly,org_stiftung_kunstmuseum_stuttgart,Aufsichtsrat,Person-Organisation,2
jjoly,org_transcultural_exchange,Aufsichtsrat,Person-Organisation,2
jjoly,org_res_artis,Aufsichtsrat,Person-Organisation,2
jjoly,org_deutsch_franz_kulturrat,Mitglied,Person-Organisation,1
skhedira,org_vfb,Beschäftigt/tätig,Person-Organisation,1
skhedira,org_sc_pfullendorf,Beschäftigt/tätig,Person-Organisation,1
skhedira,org_real_madrid,Beschäftigt/tätig,Person-Organisation,1
skhedira,org_juventus_fc,Beschäftigt/tätig,Person-Organisation,1
skhedira,org_hertha_bsc,Beschäftigt/tätig,Person-Organisation,1
skhedira,org_deutsche_fussballnationalmannschaft,Beschäftigt/tätig,Person-Organisation,1
skhedira,org_dazn,Beschäftigt/tätig,Person-Organisation,1
skhedira,org_ard,Beschäftigt/tätig,Person-Organisation,1
skhedira,org_khedira_stiftung,Gründer/in,Person-Organisation,3
jkizilhan,org_uni_bochum,Mitglied,Person-Organisation,1
jkizilhan,org_georgetown_uni,Mitglied,Person-Organisation,1
jkizilhan,org_human_rights_project,Beschäftigt/tätig,Person-Organisation,1
jkizilhan,org_uni_konstanz,Mitglied,Person-Organisation,1
jkizilhan,org_michael_balint_klinik,Beschäftigt/tätig,Person-Organisation,1
jkizilhan,org_medclin_ag,Beschäftigt/tätig,Person-Organisation,1
jkizilhan,org_tavt,Mitglied,Person-Organisation,1
jkizilhan,org_uni_goettingen,Mitglied,Person-Organisation,1
jkizilhan,org_ipp_uni_duhok,Leitung/Geschäftsführung,Person-Organisation,3
jkizilhan,org_itg_dhbw,Leitung/Geschäftsführung,Person-Organisation,3
jkizilhan,org_sonderkontingent_jesidinnen,Beschäftigt/tätig,Person-Organisation,1
wmarguerre,org_uni_heidelberg,Mitglied,Person-Organisation,1
wmarguerre,org_pharmaplast_copenhagen,Leitung/Geschäftsführung,Person-Organisation,3
wmarguerre,org_baxter_travenol,Leitung/Geschäftsführung,Person-Organisation,3
wmarguerre,org_revlon_healthcare,Leitung/Geschäftsführung,Person-Organisation,3
wmarguerre,org_octapharma,Gründer/in,Person-Organisation,3
kmassen,org_theater_tempus_fugit,Gründer/in,Person-Organisation,3
rrastaetter,org_ph_karlsruhe,Aufsichtsrat,Person-Organisation,2
rrastaetter,org_willy_brandt_realschule,Beschäftigt/tätig,Person-Organisation,1
rrastaetter,org_gruene,Gründer/in,Person-Organisation,3
rrastaetter,org_gemeinderat_karlsruhe,Mitglied,Person-Organisation,1
rrastaetter,org_landtag_bw,Mitglied,Person-Organisation,1
rrastaetter,org_gew,Mitglied,Person-Organisation,1
rrastaetter,org_bund,Mitglied,Person-Organisation,1
rrastaetter,org_kuratorium_bpb,Mitglied,Person-Organisation,1
rrastaetter,org_lebenshilfe,Mitglied,Person-Organisation,1
rrastaetter,org_landesbeirat_tierschutz_bw,Mitglied,Person-Organisation,1
groethemeyer,org_mfg,Leitung/Geschäftsführung,Person-Organisation,3
groethemeyer,org_cicae,Vorstand/Präsidium,Person-Organisation,2
groethemeyer,org_ndr,Beschäftigt/tätig,Person-Organisation,1
groethemeyer,org_zdf,Beschäftigt/tätig,Person-Organisation,1
groethemeyer,org_br,Beschäftigt/tätig,Person-Organisation,1
groethemeyer,org_bmi,Mitglied,Person-Organisation,1
groethemeyer,org_deutscher_filmpreis,Mitglied,Person-Organisation,1
dschmieder,org_kliniken_schmieder,Leitung/Geschäftsführung,Person-Organisation,3
dschmieder,org_lurija_institut,Beschäftigt/tätig,Person-Organisation,1
dschmieder,org_uni_konstanz_verein,Mitglied,Person-Organisation,1
kschrimm,org_zentrale_stelle_ludwigsburg,Leitung/Geschäftsführung,Person-Organisation,3
kschrimm,org_landgericht_stuttgart,Beschäftigt/tätig,Person-Organisation,1
kschrimm,org_staatsanwaltschaft_stuttgart,Beschäftigt/tätig,Person-Organisation,1
hschroeder,org_lfs_bw,Leitung/Geschäftsführung,Person-Organisation,3
hschroeder,org_innenministerium_bw,Beschäftigt/tätig,Person-Organisation,1
hvetter,org_deutsche_bank,Beschäftigt/tätig,Person-Organisation,1
hvetter,org_frankfurter_hypothekenbank,Beschäftigt/tätig,Person-Organisation,1
hvetter,org_deutsche_anlagen_leasing,Beschäftigt/tätig,Person-Organisation,1
hvetter,org_bank_gemeinwirtschaft,Vorstand/Präsidium,Person-Organisation,2
hvetter,org_mm_warburg_co,Beschäftigt/tätig,Person-Organisation,1
hvetter,org_helaba,Vorstand/Präsidium,Person-Organisation,2
hvetter,org_berliner_sparkasse,Vorstand/Präsidium,Person-Organisation,2
hvetter,org_hypo_real_estate_holding,Aufsichtsrat,Person-Organisation,2
hvetter,org_lbbw,Vorstand/Präsidium,Person-Organisation,2
hvetter,org_commerzbank,Aufsichtsrat,Person-Organisation,2
jwieler,org_uni_tel_aviv,Mitglied,Person-Organisation,1
jwieler,org_dhaus,Beschäftigt/tätig,Person-Organisation,1
jwieler,org_theater_heidelberg,Beschäftigt/tätig,Person-Organisation,1
jwieler,org_theater_basel,Beschäftigt/tätig,Person-Organisation,1
jwieler,org_schauspielhaus_hamburg,Beschäftigt/tätig,Person-Organisation,1
jwieler,org_kammerspiele_muenchen,Beschäftigt/tätig,Person-Organisation,1
jwieler,org_staatsoper_stuttgart,Leitung/Geschäftsführung,Person-Organisation,3
jwieler,org_schauspielhaus_zuerich,Beschäftigt/tätig,Person-Organisation,1
jwieler,org_semperoper_duesseldorf,Beschäftigt/tätig,Person-Organisation,1
jwieler,org_schaubuehne_lehniner_platz,Beschäftigt/tätig,Person-Organisation,1
jwieler,org_adk_berlin,Mitglied,Person-Organisation,1
jwieler,org_bayerische_akademie_schoene_kuenste,Mitglied,Person-Organisation,1
jwieler,org_dadk,Mitglied,Person-Organisation,1
hwoerz,org_landfrauen_bw,Botschafter/in,Person-Organisation,1
hwoerz,org_dlv,Vorstand/Präsidium,Person-Organisation,2