from,to,Rolle,Beziehungstyp,Gewicht
aakhtar,org_mpg,vorstand_praesidium,1,2
mbarth,org_agapedia,gruenderin,1,3
sbarth,org_agapedia,gruenderin,1,3
scornelius,org_freilichtmuseum_beuren,leitung_ceo,1,3
ngaelle,org_scherzachtaler,gruenderin,1,3
tgoenner,org_cdu,mitglied,1,1
tgoenner,org_giz,vorstand_praesidium,1,2
tgoenner,org_unicef_de,mitglied,1,1
tgoenner,org_stiftung_liebenau,aufsichtsrat,1,2
tgoenner,org_vfb,aufsichtsrat,1,2
thitzlsperger,org_vfb,vorstand_praesidium,1,3
thitzlsperger,org_dfb,botschafterin,1,1
nkappel,org_dfl_stiftung,kuratorium,1,1
nkappel,org_dla_verband,beschaeftigt_taetig,1,3
fwkeller,org_franz_keller,leitung_ceo,1,3
fwkeller,org_dfb,vorstand_praesidium,1,2
fwkeller,org_sc_freiburg,vorstand_praesidium,1,2
akoktsidou,org_swr,beschaeftigt_taetig,1,3
akoktsidou,org_kalimera,vorstand_praesidium,1,2
akoktsidou,org_forum_kulturen,mitglied,1,1
pkurz,org_unesco_mannheim,beschaeftigt_taetig,1,3
pkurz,org_global_parliament,gruenderin,1,3
npmalek,org_zpm,gruenderin,1,3
npmalek,org_forum_gesundheit,vorstand_praesidium,1,2
fpmastiaux,org_enbw,vorstand_praesidium,1,3
fpmastiaux,org_strategiedialog_auto,mitglied,1,1
emenzerhaasis,org_lsvbw,vorstand_praesidium,1,2
emenzerhaasis,org_wlsb,vorstand_praesidium,1,2
kmrueckert,org_nationalpark_sw,beschaeftigt_taetig,1,3
vschiltenwolf,org_luchsinitiative,vorstand_praesidium,1,2
kschmalz,org_schmalz_gmbh,leitung_ceo,1,3
kschmalz,org_campus_schwarzwald,gruenderin,1,3
kschmalz,org_ihk_nordschwarzwald,vorstand_praesidium,1,2
wschmalz,org_schmalz_gmbh,leitung_ceo,1,3
wschmalz,org_schmalz_stiftung,gruenderin,1,3
vstoertzenbach,org_pso_stuttgart,gruenderin,1,3
vstoertzenbach,org_uni_stuttgart,beschaeftigt_taetig,1,3
vstoertzenbach,org_livemusicnow,vorstand_praesidium,1,2
itress,org_tress_bw,leitung_ceo,1,3
funtersteller,org_oeko_institut,vorstand_praesidium,1,2
funtersteller,org_under2,botschafterin,1,1
fvogel,org_stuttgarter_ballett,beschaeftigt_taetig,1,3
fvogel,org_uni_tuebingen,mitglied,1,1
ahelfrich,org_hfm_mannheim,beschaeftigt_taetig,1,3
mhuber,org_achern_miteinander,gruenderin,1,3
mbarth,sbarth,personell,2,4
kschmalz,wschmalz,personell,2,4
rarnold1,org_paravan,leitung_ceo,1,3
rarnold1,org_paravan_stiftung,gruenderin,1,3
abraun,org_lv_selbsth_koerpm_bw,leitung_ceo,1,3
abraun,org_mitten_im_leben,gruenderin,1,3
ebraun,org_gruene,mitglied,1,1
ebraun,org_beg_riss,gruenderin,1,3
rbuehler,org_sonnenhof_wolpertshausen,leitung_ceo,1,3
rbuehler,org_baeuerliche_erzeugergemeinschaft_schwaebisch_hall,gruenderin,1,3
rbuehler,org_haus_der_bauern,gruenderin,1,3
rbuehler,org_akademie_fuer_oekologische_land_u_ernaehrungswissenschaft,gruenderin,1,3
sdommerkroneberg,org_fahnenfabrik_dommer,leitung_ceo,1,3
sdommerkroneberg,org_ihk_region_stuttgart,mitglied,1,1
sdommerkroneberg,org_arbeitskreis_unternehmerinnen,vorstand_praesidium,1,2
afath,org_hochschule_furtwang,dozentin,1,3
afath,org_h2org_ggmbh,leitung_ceo,1,3
afath,org_cleanup,botschafterin,1,1
lfederle,org_bewegteuch,gruenderin,1,3
lfederle,org_drk,mitglied,1,1
lfederle,org_tuebinger_kreistag,mitglied,1,1
wfeess,org_heinrich_feess_gmbh_co_kg,leitung_ceo,1,3
rgall,org_landtag_bw,mitglied,1,1
rgall,org_freiwillige_feuerwehr_obersulm,mitglied,1,1
rgall,org_kreisfeuerwehrverband_heilbronn,leitung_ceo,1,3
eheimes,org_verlag_haus_am_nepomuk,gruenderin,1,3
eheimes,org_jugend_engagiert_sich,gruenderin,1,3
skekilli,org_film_gegen_die_wand,mitglied,1,1
skekilli,org_film_game_of_thrones,mitglied,1,1
skekilli,org_terre_des_femmes,botschafterin,1,1
skekilli,org_sibel,botschafterin,1,1
skekilli,org_unidas,gruenderin,1,3
mlinckh,org_land_frauen_ortsverein_enzweihingen,leitung_ceo,1,3
mlinckh,org_kreis_land_frauen_verband_ludwigsburg,vorstand_praesidium,1,3
mlinckh,org_land_frauen_verband_wuerttemberg_baden,vorstand_praesidium,1,3
amayer,org_bund_regionalverband_suedlicher_Oberrhein,leitung_ceo,1,3
amayer,org_tras,vorstand_praesidium,1,2
amayer,org_kreistag_emmendingen,mitglied,1,1
tmerckle,org_seehaus_leonberg,gruenderin,1,3
tmerckle,org_hpffnungstraeger_stiftung,vorstand_praesidium,1,1
hpfau,org_harrys_bude,gruenderin,1,3
kschirdewahn,org_gay_gray,leitung_ceo,1,2
kschirdewahn,org_queer_zentrum_mannheim,mitglied,1,1
kschirdewahn,org_grundgesetz_fuer_alle,mitglied,1,1
nschmid,org_bundestag,mitglied,1,1
nschmid,org_werner_weinmann_stiftung,vorstand_praesidium,1,2
nschmid,org_bundesministerium_verteidigung,beschaeftigt_taetig,1,1
fschmidt,org_erster_fc_heidenheim,Trainer,1,2
fschmidt,org_dfb,vorstand_praesidium,1,2
sspeidel,org_hochschule_karlsruhe,dozentin,1,2
sspeidel,org_elisabeth_speidel_fonds,leitung_ceo,1,2
ustaerk,org_opfereinsatz_auch_im_ruhestand,gruenderin,1,3
mwahl,org_agus_selbsthilfegruppe,gruenderin,1,3
hwethhaebel,org_ev_hochschule_ludwigsburg,dozentin,1,1
hwethhaebel,org_schuldnerberatung_tuebingen,beschaeftigt_taetig,1,1
hwethhaebel,org_dornahof_und_erlacher_hoehe,leitung_ceo,1,3
hwethhaebel,org_ev_bundesfachverband_existenzsicherung_teilhabe,mitglied,1,1
galdinger,org_weingut_aldinger,leitung_ceo,1,3
galdinger,org_vdp_wuerttemberg,mitglied,1,1
galdinger,org_freiwillige_feuerwehr_fellbach,mitglied,1,1
galdinger,org_amtsgericht_waiblingen,beschaeftigt_taetig,1,1
galdinger,org_rebhuhnprojekt_fellbach_schmiden,mitglied,1,1
aarneth,org_kit,beschaeftigt_taetig,1,1
aarneth,org_ipcc,mitglied,1,1
aarneth,org_ipbes,mitglied,1,1
aarneth,org_klima_sachverstaendigenrat,mitglied,1,1
ebaur,org_malteser_hilfsdienst_bw,vorstand_praesidium,1,2
ebaur,org_malteser_hilfsdienst_gp,leitung_ceo,1,3
ebaur,org_edmund_baur_malteser_stiftung,gruenderin,1,3
bbernadotte,org_mainau_gmbh,leitung_ceo,1,3
bbernadotte,org_europa_minigaertner,leitung_ceo,1,3
bbernadotte,org_lennart_bernadotte_stiftung,vorstand_praesidium,1,2
bbernadotte,org_plan_international,mitglied,1,1
bbernadotte,org_kuratorium_lindauer_nobelpreistraegertagung,vorstand_praesidium,1,2
bbernadotte,org_europa_minikoeche,botschafterin,1,1
rberner,org_stiftung_illustration,gruenderin,1,3
rberner,org_die_tollen_hefte,leitung_ceo,1,3
sblattmann,kderks,institutionell,2,4
sblattmann,org_mut_zentrum,gruenderin,1,3
sblattmann,org_frauenberatung_loerrach,beschaeftigt_taetig,1,1
sblattmann,org_dgfpi,vorstand_praesidium,1,2
sblattmann,org_theater_tempus_fugit,beschaeftigt_taetig,1,1
kderks,sblattmann,institutionell,2,4
kderks,org_mut_zentrum,gruenderin,1,3
kderks,org_tim,gruenderin,1,3
kderks,org_theater_tempus_fugit,beschaeftigt_taetig,1,1
ucress,org_uni_tuebingen,dozentin,1,1
ucress,org_iwm,leitung_ceo,1,3
ucress,org_deutsche_telekom_stiftung,vorstand_praesidium,1,2
ucress,org_swk,mitglied,1,1
ucress,org_unesco_kommission,mitglied,1,1
ucress,org_dla,mitglied,1,1
weschelbach,org_jugendamt_mannheim,beschaeftigt_taetig,1,1
wfaisst,org_renningen,leitung_ceo,1,3
wfaisst,org_freie_waehler_bw,vorstand_praesidium,1,2
wfaisst,org_freie_waehler_boeblingen,vorstand_praesidium,1,2
wfaisst,org_regionalversammlung_stuttgart,mitglied,1,1
wfaisst,org_landesverband_musikschulen_bw,vorstand_praesidium,1,2
wfaisst,org_buergerstiftung_renningen,gruenderin,1,3
wfaisst,org_interkom,gruenderin,1,3
mfurtwaengler,org_german_doctors,kuratorium,1,2
mfurtwaengler,org_one_deutschland,botschafterin,1,1
mfurtwaengler,org_malisa_Stiftung,gruenderin,1,3
mfurtwaengler,org_tatort,beschaeftigt_taetig,1,1
mginter,org_sc_freiburg,beschaeftigt_taetig,1,1
mginter,org_deutsche_fussballnationalmannschaft,mitglied,1,1
mginter,org_matthias_ginter_stiftung,gruenderin,1,3
mginter,org_kinder_jugendklinik_freiburg,botschafterin,1,1
wknubben,org_polizei_bw,beschaeftigt_taetig,1,1
wknubben,org_polizeiseelsorge_bw,leitung_ceo,1,3
wknubben,org_dioezese_rottenburg_stuttgart,beschaeftigt_taetig,1,2
wknubben,org_kirchengemeinde_sigmaringen,vorstand_praesidium,1,2
pmaar,org_asg_crailsheim,beschaeftigt_taetig,1,1
pmaar,org_esg_filderstadt,beschaeftigt_taetig,1,1
pmaar,org_abk_stuttgart,mitglied,1,1
pmaar,org_sams,gruenderin,1,3
pmaar,org_pen_deutschland,mitglied,1,1
pmaar,org_stipendium_paul_maar,gruenderin,1,3
eoehler,org_kreisbauernverband_biberach_sigmaringen,leitung_ceo,1,3
eoehler,org_bauernschule_bad_waldsee,leitung_ceo,1,3
eoehler,org_praedicate_evangelium,vorstand_praesidium,1,2
eoehler,org_gemeinderat_bad_salgau,mitglied,1,1
eoehler,org_ortschaftsrat_bolstern,mitglied,1,1
eoehler,org_dekanat_salgau,mitglied,1,1
eoehler,org_oberschwaebischer_pilgerweg,gruenderin,1,3
erieger,org_rieger_hofmann,gruenderin,1,3
kschellenberg,org_hft_stuttgart,dozentin,1,1
kschellenberg,org_bup,vorstand_praesidium,1,2
kschellenberg,org_gemeinderat_rottweil,mitglied,1,1
kschellenberg,org_stiftung_buerger_in_not,gruenderin,1,3
eschrade,org_galerie_schrade,gruenderin,1,3
eschrade,org_art_karlsruhe,gruenderin,1,3
vschwender,org_projekt_99,gruenderin,1,3
vschwender,org_kreisrat_buchen,mitglied,1,1
gsidrassiharth,org_amnesty_international,mitglied,1,1
gsidrassiharth,org_asylarbeitskreis_heidelberg,vorstand_praesidium,1,2
cstadelhofer,org_ileu,vorstand_praesidium,1,2
cstadelhofer,org_zawiw,leitung_ceo,1,3
cstadelhofer,org_danube_networks,gruenderin,1,3
cstadelhofer,org_zusammen_in_ulm,gruenderin,1,3
sstanisic,org_kuenstlerhaus_edenkoben,dozentin,1,1
sstanisic,org_freie_akademie_kuenste_hamburg,mitglied,1,1
sstanisic,org_pen_deutschland,mitglied,1,1
sstanisic,org_bundesversammlung,mitglied,1,1
rarnold2,org_europa_union,mitglied,1,1
rarnold2,org_stm_bw,leitung_ceo,1,3
rarnold2,org_mit,mitglied,1,1
rarnold2,org_ceps,mitglied,1,1
rarnold2,org_mlr_bw,leitung_ceo,1,3
rarnold2,org_liederkranz_weiler,mitglied,1,1
rarnold2,org_dorfentwicklung_herdtlinsweiler,gruenderin,1,3
rarnold2,org_akademie_gesprochenes_wort,kuratorium,1,2
rarnold2,org_hfg,kuratorium,1,2
udahmen,org_hfmt_hamburg,dozentin,1,1
udahmen,org_deutscher_musikrat,leitung_ceo,1,3
udahmen,org_popakademie_bw,leitung_ceo,1,3
udahmen,org_swr,botschafterin,1,1
udahmen,org_percussion_creativ,vorstand_praesidium,1,2
hwandjo,org_sony_music,leitung_ceo,1,3
hwandjo,org_warner_music,leitung_ceo,1,3
hwandjo,org_popakademie_bw,leitung_ceo,1,3
udahmen,hwandjo,institutionell,2,4
hwandjo,udahmen,institutionell,2,4
egebhardt,org_ep,vorstand_praesidium,1,2
egebhardt,org_spd,vorstand_praesidium,1,2
egebhardt,org_spd_frauen_hohenlohe,gruenderin,1,3
egebhardt,org_europa_union,mitglied,1,1
egebhardt,org_marie_schlei_verein,mitglied,1,1
egebhardt,org_aem,mitglied,1,1
egebhardt,org_kuratorium_jugendkunstschulen_bw,mitglied,1,1
egebhardt,org_gegen_vergessen,mitglied,1,1
kgernbauer,org_uni_passau,mitglied,1,1
kgernbauer,org_landgericht_muenchen,beschaeftigt_taetig,1,1
kgernbauer,org_bayerische_staatskanzlei,leitung_ceo,1,3
kgernbauer,org_bundesrat,mitglied,1,1
kgernbauer,org_stmuv_bayern,leitung_ceo,1,3
kgernbauer,org_europa_union,mitglied,1,1
ugoll,org_ufr,mitglied,1,1
ugoll,org_uni_konstanz,mitglied,1,1
ugoll,org_landratsamt_bodenseekreis,mitglied,1,1
ugoll,org_rwu,dozentin,1,1
ugoll,org_swf,beschaeftigt_taetig,1,1
ugoll,org_fdp,mitglied,1,1
ugoll,org_landtag_bw,mitglied,1,1
ugoll,org_jum_bw,mitglied,1,1
ugoll,org_projekt_chance,vorstand_praesidium,1,2
ugoll,org_kinderstiftung_funke,kuratorium,1,2
ugoll,org_reinhold_maier_stiftung,vorstand_praesidium,1,2
agruslak,org_cdh_stephanus,beschaeftigt_taetig,1,1
agruslak,org_aktion_strassenkinder,vorstand_praesidium,1,2
whansch,org_experimenta,gruenderin,1,3
whansch,org_naturhistorisches_museum_heilbronn,leitung_ceo,1,3
whansch,org_uni_greifswald,mitglied,1,1
whansch,org_lv_natec,gruenderin,1,3
whansch,org_hhn,aufsichtsrat,1,2
hkatus,org_kardiologie_uniklinik_heidelberg,leitung_ceo,1,3
hkatus,org_uni_heidelberg,dozentin,1,1
hkatus,org_ich,mitglied,1,1
hkatus,org_dgk_akademie,gruenderin,1,3
hkatus,org_dgk,vorstand_praesidium,1,2
hkatus,org_crc,leitung_ceo,1,3
hkatus,org_deutsche_herzstiftung,vorstand_praesidium,1,2
hpkeller,org_ph_weingarten,beschaeftigt_taetig,1,1
hpkeller,org_kulturgemeinschaft_kressbronn,gruenderin,1,3
hpkeller,org_galerie_laende,leitung_ceo,1,3
smairhuydts,org_mairdumont,leitung_ceo,1,3
smairhuydts,org_hdm,aufsichtsrat,1,2
smairhuydts,org_hilde_mair_stiftung,mitglied,1,1
smairhuydts,org_stuttgarter_kinderstiftung,aufsichtsrat,1,2
fpitzal,org_st_bonifatius_renningen_malmsheim,leitung_ceo,1,3
fpitzal,org_martinuskirche_malmsheim,mitglied,1,1
fpitzal,org_st_clemens_weissach,mitglied,1,1
fpitzal,org_st_raphael_rutesheim,mitglied,1,1
trehberger,org_staedelschule,dozentin,1,1
trehberger,org_kunstmuseum_stuttgart,beschaeftigt_taetig,1,1
trehberger,org_24_stops,gruenderin,1,3
gschmidtke,org_fraunhofer_ipm,gruenderin,1,3
gschmidtke,org_solaces,leitung_ceo,1,3
gschmidtke,org_aeltestenkreis_bonhoeffer,vorstand_praesidium,1,2
gschmidtke,org_internettreff_freiburg,gruenderin,1,3
hseidellerch,org_gemeinderat_leutkirch,mitglied,1,1
hseidellerch,org_cdu_leutkirch,vorstand_praesidium,1,2
hseidellerch,org_helferkreis_asyl_leutkirch,mitglied,1,1
hseidellerch,org_vhs_leutkirch,mitglied,1,2
hseidellerch,org_frauenbund_leutkirch,vorstand_praesidium,1,2
hseidellerch,org_buergerstiftung_leutkirch,aufsichtsrat,1,2
hseidellerch,org_grundschule_oberer_graben,leitung_ceo,1,3
hseidellerch,org_schulbezirk_leutkirch,leitung_ceo,1,3
hseidellerch,org_schulamt_tettnang,mitglied,1,1
hseidellerch,org_oberschulamt_tuebingen,mitglied,1,1
esitzmann,org_gruene,vorstand_praesidium,1,2
esitzmann,org_landtag_bw,mitglied,1,1
esitzmann,org_finanzamt_bw,leitung_ceo,1,3
uspetzger,org_uni_heidelberg,mitglied,1,1
uspetzger,org_uni_zuerich,mitglied,1,1
uspetzger,org_rwth_aachen,mitglied,1,1
uspetzger,org_uniklinik_rwth_aachen,beschaeftigt_taetig,1,1
uspetzger,org_dgnc,vorstand_praesidium,1,2
uspetzger,org_neurochirugie_uniklinik_freiburg,leitung_ceo,1,3
uspetzger,org_neurochirugie_klinikum_karlsruhe,leitung_ceo,1,3
uspetzger,org_kit,dozentin,1,1
uspetzger,org_danc,vorstand_praesidium,1,2
uspetzger,org_klinikum_karlsruhe,leitung_ceo,1,3
uspetzger,org_a_doctors_mind,beschaeftigt_taetig,1,1
nstockhause,org_46_plus_down_syndrom,gruenderin,1,3
nstockhause,org_projekt_fit,gruenderin,1,3
nstockhause,org_inklusionscamp_vfb,gruenderin,1,3
cstreich,org_fussballschule_sc_freiburg,beschaeftigt_taetig,1,1
cstreich,org_sc_freiburg,leitung_ceo,1,3
gtschira,org_carl_bosch_museum,gruenderin,1,3
gtschira,org_klaus_tschira_stiftung,mitglied,1,1
gtschira,org_odwin,gruenderin,1,3
gtschira,org_uni_heidelberg,vorstand_praesidium,1,2
htschuch,org_fledermausschutz_bw,mitglied,1,1
htschuch,org_landratsamt_karlsruhe,beschaeftigt_taetig,1,1
awidmannmauz,org_bundestag,mitglied,1,1
awidmannmauz,org_frauen_union,vorstand_praesidium,1,2
awidmannmauz,org_bmg,beschaeftigt_taetig,1,1
awidmannmauz,org_bundeskanzleramt,beschaeftigt_taetig,1,1
awidmannmauz,org_juedisches_museum_berlin,aufsichtsrat,1,2
awidmannmauz,org_hospiz_palliativ_stiftung,aufsichtsrat,1,2
awidmannmauz,org_max_planck_gesellschaft,mitglied,1,1
awidmannmauz,org_korad_adenauer_stiftung,mitglied,1,1
awidmannmauz,org_stiftung_friedrich_ebert,mitglied,1,1
awidmannmauz,org_bundesverband_niere,botschafterin,1,1
awidmannmauz,org_arche_noah,botschafterin,1,1
awidmannmauz,org_kinder_brauchen_frieden,botschafterin,1,1
nwoerner,org_kindernothilfe,botschafterin,1,1
nwoerner,org_actors_studio,mitglied,1,1
bbraun,org_wwf_deutschland,beschaeftigt_taetig,1,3
bbraun,org_aktionsgemeinschaft_artenschutz,vorstand_praesidium,1,3
hbreuninger,org_buergerstiftung_stuttgart,leitung_ceo,1,2
hbreuninger,org_helga_breuninger_stiftung,gruenderin,1,3
hbreuninger,org_junges_ensemble_stuttgart,gruenderin,1,3
hbreuninger,org_literaturhaus_stuttgart,leitung_ceo,1,2
gcremer,org_uni_freiburg,dozentin,1,1
gcremer,org_caritas_international,beschaeftigt_taetig,1,1
gcremer,org_deutscher_caritasverband,vorstand_praesidium,1,2
gcremer,org_schader_stiftung,kuratorium,1,2
gcremer,org_katholische_uni,dozentin,1,1
cfuchs,org_landesfrauenrat_bw,mitglied,1,1
cfuchs,org_cdu,mitglied,1,1
cfuchs,org_cdu_ravensburg,mitglied,1,1
cfuchs,org_landesfrauenrat_wh,vorstand_praesidium,1,2
cfuchs,org_heimat_und_trachtenverein_eisenharz,leitung_ceo,1,2
ugroos,org_kunstmuseum_stuttgart,leitung_ceo,1,2
ugroos,org_museum_haus_dix,leitung_ceo,1,2
ugroos,org_kulturstiftung_laender,kuratorium,1,2
ugroos,org_adk_ludwigsburg,dozentin,1,1
ugroos,org_kunststiftung_bw,kuratorium,1,2
fgurrhirsch,org_cdu,mitglied,1,1
fgurrhirsch,org_landwirtschaftsministerium,leitung_ceo,1,2
fgurrhirsch,org_cdu_fraktion_bw,leitung_ceo,1,2
fgurrhirsch,org_weinbauverband_wuerttemberg,botschafterin,1,1
fgurrhirsch,org_deutsches_weininstitut,botschafterin,1,1
fgurrhirsch,org_deutsche_musikverbaende,vorstand_praesidium,1,2
phaag,org_spd,mitglied,1,1
phaag,org_spd_neckar_odenwald,mitglied,1,1
phaag,org_freiwillige_feuerwehr_schwarzach,mitglied,1,1
phaag,org_drk_schwarzach,mitglied,1,1
phaag,org_tsv_schwarzach,mitglied,1,1
phaag,org_kks_odin_schwarzach,mitglied,1,1
hhaas,org_donum_vitae,gruenderin,1,3
hhaas,org_elternverein_rottweil,gruenderin,1,3
hhaas,org_stadtverband_soziales_schramberg,mitglied,1,1
hhaas,org_bdkj,mitglied,1,1
bstaudacher,hhoegerle,personell,2,4
bstaudacher,org_verein_synagoge_rexingen,gruenderin,1,3
bstaudacher,org_foerderstiftung_betsaal,gruenderin,1,3
bstaudacher,org_gedenkstaettenverbund_gaeu_neckar_alb,gruenderin,1,3
hhoegerle,org_verein_synagoge_rexingen,gruenderin,1,3
hhoegerle,org_foerderstiftung_betsaal,gruenderin,1,3
hhoegerle,org_gedenkstaettenverbund_gaeu_neckar_alb,gruenderin,1,3
mhoerrmann,org_schloesser_und_gaerten_bw,leitung_ceo,1,2
mhoerrmann,org_bachakademie,leitung_ceo,1,2
rkehle,org_gemeindetag_bw,leitung_ceo,1,2
rkehle,org_deutscher_gemeindebund,vorstand_praesidium,1,2
rkehle,org_versorgungsverband_bw,aufsichtsrat,1,2
rkehle,org_deutsch_griechisch_wissenstransfer,gruenderin,1,3
mkhan,org_various_impressions_studio,gruenderin,1,3
mkhan,org_jugendmusikwerk_baden,gruenderin,1,3
lkrusegraumann,org_fernuni_hagen,dozentin,1,1
lkrusegraumann,org_uni_heidelberg,dozentin,1,1
lkrusegraumann,org_unesco_kommission,mitglied,1,1
lkrusegraumann,org_umweltbeirat_bundesregierung,mitglied,1,1
lkrusegraumann,org_wuppertal_klimainstitut,beschaeftigt_taetig,1,1
lkrusegraumann,org_nachhaltigkeitsbeirat_bw,mitglied,1,2
klichy,org_rkh_klinikum_ludwigsburg,beschaeftigt_taetig,1,1
klichy,org_marienhospital,beschaeftigt_taetig,1,1
areineckeeckardt,org_tafelladen_schwaebisch_gmuend,gruenderin,1,3
areineckeeckardt,org_tafellandesverband_bw,leitung_ceo,1,2
aritter,org_ritter_gmbh,leitung_ceo,1,3
aritter,org_ritter_gruppe,leitung_ceo,1,3
aritter,org_ritter_solar_gmbh,gruenderin,1,3
aritter,org_paradigma,gruenderin,1,3
rsing,org_aok_bw,vorstand_praesidium,1,2
rsing,org_vdk,vorstand_praesidium,1,2
rsing,org_landesseniorenrat,leitung_ceo,1,1
rsing,org_vdk_bw,leitung_ceo,1,2
fstaebler,org_sherpa_nepalhilfe,mitglied,1,1
fstaebler,org_stiftung_sport,botschafterin,1,1
pwestrich,org_bundesamt_naturschutz,beschaeftigt_taetig,1,1
pwestrich,org_insititut_kusterdingen,beschaeftigt_taetig,1,1
mwonnay,org_arbeiter_samariter_bund_bw,leitung_ceo,1,2
mwonnay,org_foerderverein_sehbehinderter,leitung_ceo,1,2
mwonnay,org_kinderland_bw,mitglied,1,2
mwonnay,org_spd_landtagsfraktion,leitung_ceo,1,2
mwonnay,org_spd,mitglied,1,1
rboehmler,org_landratsamt_gp,beschaeftigt_taetig,1,3
rboehmler,org_mwk_bw,beschaeftigt_taetig,1,3
rboehmler,org_bmbw,beschaeftigt_taetig,1,3
rboehmler,org_stm_bw,beschaeftigt_taetig,1,3
rboehmler,org_drf_stiftung,aufsichtsrat,1,2
rboehmler,org_dac_stuttgart,vorstand_praesidium,1,2
rboehmler,org_normenkontrollrat_bw,mitglied,1,1
jcorneliusbundschuh,org_ev_kirche_baden,beschaeftigt_taetig,1,3
gerler2,org_stm_bw,beschaeftigt_taetig,1,3
gerler2,org_nationalpark_sw,mitglied,1,1
mgroeger,org_ackermann_gemeinde,mitglied,1,1
mgroeger,org_staedte_stuttgart_bruenn,mitglied,1,1
mgroeger,org_buergerverein_muehlhausen,mitglied,1,1
akhahn,org_stuttgarter_zeitung,beschaeftigt_taetig,1,3
ghaerle,org_brauerei_haerle,beschaeftigt_taetig,1,3
ghaerle,org_gemeinderat_leutkirch,mitglied,1,1
ghaerle,org_buergerforum_leutkirch,vorstand_praesidium,1,2
ghaerle,org_initiative_bleiberecht,gruenderin,1,3
ehetger,org_landes_polizei_bw,beschaeftigt_taetig,1,3
ehetger,org_weisser_ring_bw,vorstand_praesidium,1,2
ehetger,org_weisser_ring_bund,mitglied,1,1
ekoehne,org_badisches_landesmuseum,beschaeftigt_taetig,1,3
ekoehne,org_dt_museumsbund,vorstand_praesidium,1,2
khmeierbaun,org_uni_tuebingen,beschaeftigt_taetig,1,3
khmeierbaun,org_swr_international,gruenderin,1,3
khmeierbaun,org_wiss_forum_migration,gruenderin,1,3
khmeierbaun,org_ifa,mitglied,1,1
khmeierbaun,org_dgvn_bw,vorstand_praesidium,1,2
khmeierbaun,org_rat_migration,mitglied,1,1
khmeierbaun,org_forum_kulturen_s,mitglied,1,1
kmurawski,org_stadtrat_nuernberg,beschaeftigt_taetig,1,3
kmurawski,org_buergermeister_stuttgart,beschaeftigt_taetig,1,3
kmurawski,org_stm_bw,beschaeftigt_taetig,1,3
kmurawski,org_spd,mitglied,1,1
cobergfoell,org_foerderverein_krebskranke_kinder,mitglied,1,1
cobergfoell,org_dkms,botschafterin,1,1
cobergfoell,org_welthungerhilfe,mitglied,1,1
cobergfoell,org_badischer_sportbund,botschafterin,1,1
coezdemir,org_gruene,vorstand_praesidium,1,2
coezdemir,org_bundestag,beschaeftigt_taetig,1,3
araff,org_dt_numismatische_ges,mitglied,1,1
araff,org_landesmuseum_wuerttemberg,beschaeftigt_taetig,1,3
tschnabel,org_haus_geschichte_bw,beschaeftigt_taetig,1,3
gschneider,org_deutsches_inst_aerztl_mission,beschaeftigt_taetig,1,3
gschneider,org_uni_kampala,beschaeftigt_taetig,1,3
gschneider,org_hospiz_tuebingen,gruenderin,1,3
bschoelkopf,org_mpi_intelligente_systeme,beschaeftigt_taetig,1,3
bschoelkopf,org_cyber_valley,gruenderin,1,3
bschoelkopf,org_leopoldina,mitglied,1,1
iteipelke,org_uni_freiburg,mitglied,1,1
iteipelke,org_ilse_teipelke_stiftung,gruenderin,1,3
curspruch,org_verein_lichtblick_wangen,mitglied,1,1
curspruch,org_vesperkirche_weingarten,mitglied,1,1
uvogt,org_spd,mitglied,1,1
uvogt,org_bundestag,beschaeftigt_taetig,1,3
uvogt,org_rotkreuz_stiftung,vorstand_praesidium,1,2
uvogt,org_stiftung_energie_klima_bw,mitglied,1,1
uvogt,org_dlrg,vorstand_praesidium,1,2
uvogt,org_thw_jugend,vorstand_praesidium,1,2
bvoesteralber,org_geze,leitung_ceo,1,3
bvoesteralber,org_kunstgalerie_leonberg,mitglied,1,1
bvoesteralber,org_literaturhaus_stuttgart,mitglied,1,1
bvoesteralber,org_haus_geschichte_bw,mitglied,1,1
bvoesteralber,org_stiftung_oelgaele,mitglied,1,1
bvoesteralber,org_blindenwerkstatt_esslingen,mitglied,1,1
rwehrle,org_narrenzuenfte,vorstand_praesidium,1,2
rwehrle,org_narrenschopf,gruenderin,1,3
rwehrle,org_kinderkrebsnachsorge,vorstand_praesidium,1,2
rwehrle,org_klinik_tannheim,beschaeftigt_taetig,1,3
erwiehn,org_uni_konstanz,beschaeftigt_taetig,1,3
erwiehn,org_dig_bodensee,gruenderin,1,3
erwiehn,org_jued_gemeinde_kreuzlingen,vorstand_praesidium,1,2
rwieland,org_cdu,mitglied,1,1
rwieland,org_ep,beschaeftigt_taetig,1,3
rwieland,org_region_stuttgart,mitglied,1,1
rwieland,org_foerderverein_dialekte,mitglied,1,1
kalex,org_under2,gruenderin,1,3
fbaum,org_bund_bw,mitglied,1,1
fbaum,org_umwelt_vhs_wyhl,gruenderin,1,3
fbaum,org_lnv_bw,vorstand_praesidium,1,2
cbierlmeier,org_kinder_brauchen_frieden,gruenderin,1,3
cbierlmeier,org_spd_hechingen,vorstand_praesidium,1,2
cbierlmeier,org_foerderverein_foerderschule_hechingen,gruenderin,1,3
aclesle,org_kulturinitiative_bohnenviertel,gruenderin,1,3
aclesle,org_handicaptions,gruenderin,1,3
idecastro,org_linden_museum,leitung_ceo,1,3
hfranke,org_kreisdiakonieverbands_rems_murr,leitung_ceo,1,3
hfranke,org_ev_stiftskirche_backnang,mitglied,1,1
hfranke,org_kinder_jugendhilfe_backnang,vorstand_praesidium,1,2
hfranke,org_schwaebische_tafel,gruenderin,1,3
hfranke,org_sowas,gruenderin,1,3
hfranke,org_gemeinderat_backnang,mitglied,1,1
hfranke,org_stiftung_lebenszeit,vorstand_praesidium,1,2
tguldimann,org_uni_zuerich,beschaeftigt_taetig,1,3
tguldimann,org_uni_freiburg,beschaeftigt_taetig,1,3
tguldimann,org_uni_frankfurt,beschaeftigt_taetig,1,3
tguldimann,org_uni_bern,beschaeftigt_taetig,1,3
tguldimann,org_college_europe,beschaeftigt_taetig,1,3
tguldimann,org_schweizer_nationalrat,beschaeftigt_taetig,1,1
rkarcher,org_lfvs,vorstand_praesidium,1,2
rkarcher,org_blhv,vorstand_praesidium,1,2
rkarcher,org_dlv_landfrauenverband,mitglied,1,1
rkarcher,org_welthungerhilfe,vorstand_praesidium,1,2
rkarcher,org_gemeinderat_achern,mitglied,1,1
rkarcher,org_dorfhelferinnenwerk_soelden,vorstand_praesidium,1,2
jklopp,org_fc_liverpool,vorstand_praesidium,1,3
jklopp,org_respekt_kampagne,botschafterin,1,1
mkrautter,org_uni_stuttgart,beschaeftigt_taetig,1,3
mkrautter,org_naturparkfuehrer_sw_wald,gruenderin,1,3
mkrautter,org_koehlerverein_sw_wald,gruenderin,1,3
mkrautter,org_musikverein_pluedhausen,vorstand_praesidium,1,1
nleone,org_tuerkischer_kulturverein_kw,vorstand_praesidium,1,2
nleone,org_integrationspunkt_kw,gruenderin,1,3
nleone,org_auslaendertreff_kw,vorstand_praesidium,1,2
nleone,org_ak_offene_jugendarbeit_kw,mitglied,1,1
mlieb,org_vcd_bw,vorstand_praesidium,1,2
mlieb,org_fahrgastbeirat_bw,vorstand_praesidium,1,2
cniemeyer,org_uni_freiburg_kinderklinik,beschaeftigt_taetig,1,3
cniemeyer,org_foerderverein_krebskranke_kinder_fr,kuratorium,1,1
cniemeyer,org_initiative_kinderklinik_fr,gruenderin,1,3
hrampp,org_fonds_heimerziehung,mitglied,1,1
hrampp,org_beratungsstelle_heimerziehung_bw,mitglied,1,1
pschobel,org_dioezese_rottenburg_stuttgart,beschaeftigt_taetig,1,3
pschobel,org_az_zentrum_boeblingen,gruenderin,1,3
pschobel,org_swr,beschaeftigt_taetig,1,1
rsteegmann,org_cerd,mitglied,1,1
itoroek,org_vs_bw,vorstand_praesidium,1,2
itoroek,org_vs_bund,vorstand_praesidium,1,2
itoroek,org_pen_deutschland,mitglied,1,1
itoroek,org_fairlag,gruenderin,1,3
itoroek,org_worte_gegen_rechts,gruenderin,1,3
mwikelski,org_uni_konstanz,beschaeftigt_taetig,1,3
mwikelski,org_mpi_ornithologie,beschaeftigt_taetig,1,3
mwikelski,org_icarus,gruenderin,1,3
wzoller,org_uniklinik_tuebingen,beschaeftigt_taetig,1,3
hnanz,org_helmut_nanz_stiftung,vorstand_praesidium,1,2
hnanz,org_indien_stiftung,vorstand_praesidium,1,2
hnanz,org_dig_indisch_stuttgart,vorstand_praesidium,1,2
hnanz,org_honorarkonsulat_indien_stuttgart,beschaeftigt_taetig,1,3
hnanz,org_ihk_region_stuttgart,vorstand_praesidium,1,2
hnanz,org_initiativkreis_stiftungen_s,vorstand_praesidium,1,2
hnanz,org_drf,vorstand_praesidium,1,2
hnanz,org_stuttgarter_kammerorchester,vorstand_praesidium,1,2
hnanz,org_collegium_iuvenum,vorstand_praesidium,1,2
hnanz,org_schlossfestspiele_lb,aufsichtsrat,1,2
hnanz,org_bachakademie_stuttgart,kuratorium,1,1
hnanz,org_buergerstiftung_stuttgart,vorstand_praesidium,1,2
bbosch,org_stiftungsrat_philharmonie,leitung_ceo,1,2
bbosch,org_fairenergie_reutlingen,aufsichtsrat,1,2
bbosch,org_staedtetag_bw,vorstand_praesidium,1,2
bbosch,org_drk_bw,vorstand_praesidium,1,2
bbosch,org_regionalverband_neckar_alb,mitglied,1,1
ebrenner,org_kreissparkasse_badmergentheim,vorstand_praesidium,1,2
ebrenner,org_kitzberg_klinik,aufsichtsrat,1,2
ebrenner,org_drk_bw,mitglied,1,1
ebrenner,org_stiftung_lebenshilfe,vorstand_praesidium,1,2
ebrenner,org_drk_mergentheim,beschaeftigt_taetig,1,1
ebrenner,org_stiftung_fechtsport,beschaeftigt_taetig,1,1
ebrenner,org_stadtkirche_weikersheim,beschaeftigt_taetig,1,1
ebrenner,org_jeunesses_musicales,vorstand_praesidium,1,2
gerler1,org_spd,mitglied,1,1
gerler1,org_auswaertiges_amt,beschaeftigt_taetig,1,2
gerler1,org_bundesregierung,beschaeftigt_taetig,1,1
gerler1,org_spd_bundestagsfraktion,beschaeftigt_taetig,1,1
gerler1,org_eln,botschafterin,1,1
cewigleben,org_landesmuseum_wuerttemberg,leitung_ceo,1,2
cewigleben,org_stiftung_preussischer_kulturbesitz,kuratorium,1,1
cewigleben,org_stiftung_historische_museen,kuratorium,1,1
mfeierlingrombach,org_cdu,mitglied,1,1
mfeierlingrombach,org_inselbrauerei_feierling,gruenderin,1,3
mfeierlingrombach,org_verband_unternehmerinnen,leitung_ceo,1,2
mfeierlingrombach,org_prestel_stiftung,mitglied,1,1
mfeierlingrombach,org_slowbrewing,mitglied,1,1
mfeierlingrombach,org_gastliches_freiburg,leitung_ceo,1,2
phoffmann,org_zeugen_der_zeitzeugen,botschafterin,1,1
fhuby,org_der_spiegel,beschaeftigt_taetig,1,1
fhuby,org_wdr,beschaeftigt_taetig,1,1
fhuby,org_swr,beschaeftigt_taetig,1,1
fhuby,org_ard,beschaeftigt_taetig,1,1
uluettich,org_vertriebene_frauen,vorstand_praesidium,1,2
uluettich,org_bund_der_vertriebenen,vorstand_praesidium,1,2
uluettich,org_landsmannschaft_ostpreussen_bw,leitung_ceo,1,2
uluettich,org_kulturstiftung_vertriebene,mitglied,1,1
wmaier,org_walldorfkindergarten_fellbach,gruenderin,1,3
wmaier,org_foerderkreis_walldorfpaedagogik,gruenderin,1,3
wmaier,org_hgm_stiftung,gruenderin,1,3
pneher,org_deutscher_caritasverband,leitung_ceo,1,2
pneher,org_deutsche_bischofskonferenz,beschaeftigt_taetig,1,1
orenn,org_umweltbeirat_bundesregierung,mitglied,1,1
orenn,org_ethikkommission_energieversorgung,mitglied,1,1
orenn,org_buergerrat_klima,kuratorium,1,1
hruehle,org_gruene,beschaeftigt_taetig,1,1
hruehle,org_europaeische_parlament,beschaeftigt_taetig,1,1
hruehle,org_europa_union,vorstand_praesidium,1,2
hruehle,org_gruene_bw,aufsichtsrat,1,2
jschaut,org_oberschwaebische_kalender,gruenderin,1,3
hschwenninger,org_entomologischer_verein_stuttgart,beschaeftigt_taetig,1,1
hschwenninger,org_naturkundemuseum_stuttgart,beschaeftigt_taetig,1,1
hschwenninger,org_wildbienenzentrum,gruenderin,1,3
gstratthaus,org_bw_bank,aufsichtsrat,1,2
gstratthaus,org_brauerei_rothaus,vorstand_praesidium,1,2
gstratthaus,org_landeskreditbank,aufsichtsrat,1,2
gstratthaus,org_schwetzinger_festspiele,beschaeftigt_taetig,1,1
gstratthaus,org_lbbw,aufsichtsrat,1,2
gstratthaus,org_lbank,aufsichtsrat,1,2
gstratthaus,org_enbw,aufsichtsrat,1,2
gstratthaus,org_zew,kuratorium,1,1
gstratthaus,org_cdu,mitglied,1,1
gwerner,org_dm,gruenderin,1,3
gwerner,org_kit,mitglied,1,1
gwerner,org_gls_bank,aufsichtsrat,1,1
mwittenstein,org_wittenstein,leitung_ceo,1,3
mwittenstein,org_wittenstein_stiftung,gruenderin,1,3
kallgoewer,org_vfb,mitglied,1,1
kallgoewer,org_sportler_fuer_den_frieden,mitglied,1,1
kallgoewer,org_kinderlachen,mitglied,1,1
ebreckwoldt,org_cdu,vorstand_praesidium,1,3
ebreckwoldt,org_frauen_kinderschutzhaus,leitung_ceo,1,3
ebreckwoldt,org_stadtseniorenbeirat,vorstand_praesidium,1,3
udietz,org_gft,leitung_ceo,1,3
udietz,org_code_n,gruenderin,1,3
udietz,org_bitkom,gruenderin,1,3
kafischer,org_fischer,leitung_ceo,1,3
efreund,org_brauerei_goldochsen,leitung_ceo,1,3
efreund,org_lions_club,mitglied,1,1
efreund,org_aok_bezirksrat,mitglied,1,1
efreund,org_universitaetsbund_hohenheim,mitglied,1,1
whacke,org_ruprecht_karls_universitaet,dozentin,1,2
whacke,org_uni_heidelberg,dozentin,1,2
mholtmann,org_sdr,beschaeftigt_taetig,1,2
wkamphausen,org_brueckenhaus,vorstand_praesidium,1,3
wkamphausen,org_gruene,mitglied,1,1
wkamphausen,org_starkes_kirchheim,gruenderin,1,3
alapp,org_lapp_gruppe,leitung_ceo,1,3
bnoack,org_muetta_nachbarschaftszentrum_reutlingen_ev,gruenderin,1,3
saoberle,org_zeit_fuer_psyche,vorstand_praesidium,1,2
saoberle,org_arkade_ev,gruenderin,1,3
saoberle,org_pauline_13_ev,gruenderin,1,3
saoberle,org_sprungbrett_ev,gruenderin,1,3
eroennebeck,org_herzkind_ev,gruenderin,1,3
eroennebeck,org_das_herzkranke_kind_ev,vorstand_praesidium,1,3
eroennebeck,org_kindernetzwerk_ev,vorstand_praesidium,1,3
hschiller,org_gruene,mitglied,1,1
hschiller,org_heinrich_boell_stiftung,vorstand_praesidium,1,3
tweber,org_daimler_ag,vorstand_praesidium,1,3
etrumpp,org_landkreistag_bw,leitung_ceo,1,3
btraub,org_deutsch_israelische_gesell_stuttgart,vorstand_praesidium,1,3
sspitz,org_in_via,botschafterin,1,2
hbour,org_dioezese_rottenburg_stuttgart,beschaeftigt_taetig,1,1
abraig,khartmann,personell,2,4
khartmann,abraig,personell,2,4
abraig,org_hartman_elektronik,gruenderin,1,3
abraig,org_komede_scheuer,gruenderin,1,3
khartmann,org_hartman_elektronik,gruenderin,1,3
khartmann,org_komede_scheuer,gruenderin,1,3
khartmann,org_standard_elektrik_lorenz,beschaeftigt_taetig,1,1
cacau,org_uniao_mogi_fc,mitglied,1,1
cacau,org_se_palmeiras,mitglied,1,1
cacau,org_nacional_ac_sao_paulo,mitglied,1,1
cacau,org_sv_tuerk_guecue,mitglied,1,1
cacau,org_fc_nuernberg,mitglied,1,1
cacau,org_vfb,mitglied,1,1
cacau,org_deutsche_fussballnationalmannschaft,mitglied,1,1
cacau,org_dfb,botschafterin,1,1
cacau,org_ness_network,leitung_ceo,1,3
cacau,org_pro_christ,kuratorium,1,2
cacau,org_world_vision,botschafterin,1,1
cacau,org_deutsche_kindersuchthilfe,kuratorium,1,2
avondewitz,org_vaude,leitung_ceo,1,3
avondewitz,org_uni_hohenheim,beschaeftigt_taetig,1,1
avondewitz,org_gemeinwohl_oekonomie,botschafterin,1,1
avondewitz,org_albrecht_von_dewitz_stiftung,vorstand_praesidium,1,2
avondewitz,org_bleiberecht_durch_arbeit,gruenderin,1,3
avondewitz,org_bnw,vorstand_praesidium,1,2
avondewitz,org_buendnis_nachhaltige_textilien,gruenderin,1,3
avondewitz,org_european_outdoor_group,vorstand_praesidium,1,2
avondewitz,org_dbu,kuratorium,1,2
avondewitz,org_bmwe,mitglied,1,1
avondewitz,org_ufz,mitglied,1,1
cfritschi,org_aktion_kinderherz,gruenderin,1,1
cfritschi,org_suedkurier,personell,1,1
cfritschi,org_uniklinik_tuebingen,beschaeftigt_taetig,1,1
cfritschi,org_bilbassi,beschaeftigt_taetig,1,1
dkosslick,org_lmu_muenchen,beschaeftigt_taetig,1,1
dkosslick,org_senatskanzlei_hamburg,beschaeftigt_taetig,1,1
dkosslick,org_konkret,beschaeftigt_taetig,1,1
dkosslick,org_hamburger_filmbuero,leitung_ceo,1,3
dkosslick,org_eu_low_budget_film_forum,gruenderin,1,3
dkosslick,org_film_fonds_hamburg,leitung_ceo,1,3
dkosslick,org_efdo,gruenderin,1,3
dkosslick,org_filmstiftung_nrw,leitung_ceo,1,3
dkosslick,org_berlinale,leitung_ceo,1,3
dkosslick,org_ifs,leitung_ceo,1,3
dkosslick,org_european_film_academy,vorstand_praesidium,1,2
dkosslick,org_ffa,beschaeftigt_taetig,1,1
dkosslick,org_european_film_college,vorstand_praesidium,1,2
dkosslick,org_zdf,mitglied,1,1
dkosslick,org_wir_helfen_afrika,botschafterin,1,1
dkosslick,org_active_aid_africa,mitglied,1,1
dkosslick,org_carl_laemmle_produzentenpreis,beschaeftigt_taetig,1,1
hmojem,org_haus_donauschwaben,leitung_ceo,1,3
hmojem,org_hdm,mitglied,1,1
dmoritz,org_lus_heinsheim,beschaeftigt_taetig,1,1
dmoritz,org_schulamt_pforzheim,beschaeftigt_taetig,1,1
dmoritz,org_schulamt_karlsruhe,beschaeftigt_taetig,1,1
dmoritz,org_gew_nordbaden,leitung_ceo,1,3
dmoritz,org_kultusministerium_bw,beschaeftigt_taetig,1,1
dmoritz,org_ikj_heinsheim,vorstand_praesidium,1,2
dmoritz,org_gew_bw,vorstand_praesidium,1,2
dmoritz,org_finanzamt_bw,mitglied,1,1
dmoritz,org_tennisclub_heinsheim,mitglied,1,1
dmoritz,org_swr,aufsichtsrat,1,2
rmueller1,org_pauluskirche_ulm,beschaeftigt_taetig,1,1
rmueller1,org_vesperkirche_ulm,gruenderin,1,3
rmueller1,org_telefonseelsorge_ulm,leitung_ceo,1,3
rmueller1,org_fluechtlingskreis_ulm,gruenderin,1,3
rmueller1,org_gemeinderat_ulm,mitglied,1,1
rmueller1,org_spd_ulm,vorstand_praesidium,1,2
rmueller1,org_theater_uluem,gruenderin,1,3
rmueller2,org_schauspielschule_bochum,mitglied,1,1
rmueller2,org_tatort,beschaeftigt_taetig,1,1
rmueller2,org_eurosport,beschaeftigt_taetig,1,1
rmueller2,org_n_tv,beschaeftigt_taetig,1,1
rmueller2,org_arche_intensivkinder,botschafterin,1,1
rmueller2,org_gemeinsam_mit_afrika,botschafterin,1,1
rmueller2,org_buergerstiftung_stuttgart,botschafterin,1,1
rmueller2,org_christiane_eichenhofer_stiftung,botschafterin,1,1
gmuellertrimbusch,org_stuttgart,leitung_ceo,1,3
gmuellertrimbusch,org_staedtetag_bw,mitglied,1,1
gmuellertrimbusch,org_familie_in_not,aufsichtsrat,1,2
gmuellertrimbusch,org_stiftung_theodor_heuss_haus,vorstand_praesidium,1,2
gmuellertrimbusch,org_theater_rampe,vorstand_praesidium,1,2
gmuellertrimbusch,org_forum_region_stuttgart,vorstand_praesidium,1,2
gmuellertrimbusch,org_freundeskreis_uni_tel_aviv,vorstand_praesidium,1,2
gmuellertrimbusch,org_gcjz_stuttgart,vorstand_praesidium,1,2
wpokorny,org_abk_karlsruhe,mitglied,1,1
wpokorny,org_uni_karlsruhe,mitglied,1,1
wpokorny,org_abk_stuttgart,dozentin,1,1
wpokorny,org_deutscher_kuenstlerbund,mitglied,1,1
wpokorny,org_kuenstlerbund_bw,vorstand_praesidium,1,2
wpokorny,org_kunstverein_wilhelmshoehe_ettlingen,vorstand_praesidium,1,2
wpokorny,org_kunstkommission_bw,mitglied,1,1
lreisch,org_uni_hohenheim,mitglied,1,1
lreisch,org_copenhagen_business_school,dozentin,1,1
lreisch,org_verbraucherkomission_bw,mitglied,1,1
lreisch,org_uni_zeppelin,dozentin,1,1
lreisch,org_bmjv,mitglied,1,1
lreisch,org_beirat_nachhaltige_entwicklung_bw,mitglied,1,1
lreisch,org_rat_nachhaltige_entwicklung,mitglied,1,1
lreisch,org_ethikkommission_energieversorgung,mitglied,1,1
lreisch,org_stiftung_warentest,aufsichtsrat,1,2
lreisch,org_porsche,beschaeftigt_taetig,1,1
lreisch,org_schufa,mitglied,1,1
lreisch,org_acatech,mitglied,1,1
lreisch,org_uni_cambridge,dozentin,1,1
eschneiderborgmann,org_stelle_gleichberechtigung_freiburg,gruenderin,1,3
eschneiderborgmann,org_dfr_freiburg,mitglied,1,1
eschneiderborgmann,org_frau_technik_computerschule,gruenderin,1,3
eschneiderborgmann,org_deutscher_frauenring,vorstand_praesidium,1,2
eschneiderborgmann,org_deutscher_frauenrat,vorstand_praesidium,1,2
eschneiderborgmann,org_dfr_breisgau,gruenderin,1,3
wsteul,org_swr,leitung_ceo,1,3
wsteul,org_deutschlandradio,leitung_ceo,1,3
wsteul,org_deutscher_freundeskreis_europaeischer_jugendorchester,vorstand_praesidium,1,2
wsteul,org_landesmusikrat_bw,vorstand_praesidium,1,2
wsteul,org_ihwa,vorstand_praesidium,1,2
wsteul,org_ifm_koeln,kuratorium,1,2
wsteul,org_welthungerhilfe,kuratorium,1,2
wsteul,org_uni_konstanz,aufsichtsrat,1,2
mstolz,org_gemeinderat_ulm,mitglied,1,1
mstolz,org_cdu,mitglied,1,1
mstolz,org_landtag_bw,mitglied,1,1
mstolz,org_msag_bw,mitglied,1,1
mstolz,org_kinderland_bw,vorstand_praesidium,1,2
mstolz,org_veronika_stiftung,aufsichtsrat,1,2
mstolz,org_familien_bildungsstaette_ulm,vorstand_praesidium,1,2
mstolz,org_stiftung_singen_kinder,aufsichtsrat,1,2
mstolz,org_zdk,mitglied,1,1
mstolz,org_dioezese_rottenburg_stuttgart,vorstand_praesidium,1,2
cstuermer,org_contergannetzwerk_deutschland,gruenderin,1,3
cstuermer,org_contergan_stiftung,aufsichtsrat,1,2
cstuermer,org_netzwerk_behinerung_cdu_bw,leitung_ceo,1,3
eveit,org_uni_stuttgart,mitglied,1,1
eveit,org_maerklin,beschaeftigt_taetig,1,1
eveit,org_kaercher,beschaeftigt_taetig,1,1
eveit,org_festo,leitung_ceo,1,3
eveit,org_tum,mitglied,1,1
eveit,org_windreich,aufsichtsrat,1,2
eveit,org_40_veit,gruenderin,1,3
eveit,org_phoenix_contat,beschaeftigt_taetig,1,1
eveit,org_acatech,mitglied,1,1
eveit,org_bosch,beschaeftigt_taetig,1,1
eveit,org_bizerba,aufsichtsrat,1,2
eveit,org_tuev_sued,aufsichtsrat,1,2
eveit,org_sick_ag,aufsichtsrat,1,2
eveit,org_stifterverband,mitglied,1,1
eveit,org_frauenhofer_iao,kuratorium,1,2
eveit,org_vdma,vorstand_praesidium,1,2
eveit,org_hannover_messe,aufsichtsrat,1,2
eveit,org_innovationsrat_bw,mitglied,1,1
rwalter,org_ccfa,leitung_ceo,1,3
cwuerth,org_zf_friedrichshafen,gruenderin,1,3
cwuerth,org_hotel_anne_sophie,gruenderin,1,3
cwuerth,org_stiftung_wuerth,gruenderin,1,3
cwuerth,org_stiftung_behinderte_sassen,gruenderin,1,3
cwuerth,org_ithemba_labantu,beschaeftigt_taetig,1,1
cwuerth,org_special_olympics_deutschland,vorstand_praesidium,1,2
cwuerth,org_andreas_froehlich_schule,beschaeftigt_taetig,1,1
wassfalg,org_heimatverein_haltern,vorstand_praesidium,1,2
wassfalg,org_ph_weingarten,mitglied,1,1
wassfalg,org_st_gerhard_schule,leitung_ceo,1,3
wassfalg,org_stuetzles_halb_stompers,gruenderin,1,3
wassfalg,org_vogelwarte_radolfzell,beschaeftigt_taetig,1,1
wassfalg,org_kirchengemeinde_riedlingen,aufsichtsrat,1,2
wassfalg,org_albert_burkart_stiftung,gruenderin,1,3
wassfalg,org_museum_schoene_stiege,leitung_ceo,1,3
wassfalg,org_staedtische_galerie_riedlingen,leitung_ceo,1,3
mbamberg,org_uniklinik_essen,beschaeftigt_taetig,1,1
mbamberg,org_uni_tuebingen,dozentin,1,1
mbamberg,org_uniklinik_tuebingen,leitung_ceo,1,3
mbamberg,org_degro,gruenderin,1,3
mbamberg,org_vud,vorstand_praesidium,1,2
mbamberg,org_krebsverband_bw,vorstand_praesidium,1,2
mbamberg,org_deutsche_krebshilfe,mitglied,1,1
mbamberg,org_akademie_leopoldina,mitglied,1,1
mbamberg,org_deutsche_krebsgesellschaft,vorstand_praesidium,1,2
mbamberg,org_deutsche_krebsstiftung,vorstand_praesidium,1,2
mbamberg,org_nationaler_krebsplan,gruenderin,1,3
mbamberg,org_landesbeirat_onkologie_bw,leitung_ceo,1,3
mbamberg,org_cdu,mitglied,1,1
ddemir,org_mor_gabriel_kirchardt,vorstand_praesidium,1,2
ddemir,org_bvdad,leitung_ceo,1,3
ddemir,org_uni_heidelberg,mitglied,1,1
ddemir,org_forum_institut_management,beschaeftigt_taetig,1,1
ceichenhofer,org_christiane_eichenhofer_stiftung,gruenderin,1,3
igoenner,org_uni_heidelberg,mitglied,1,1
igoenner,org_landgericht_ulm,beschaeftigt_taetig,1,1
igoenner,org_spd,mitglied,1,1
igoenner,org_gemeinderat_ulm,vorstand_praesidium,1,2
igoenner,org_stadtwerke_ulm,aufsichtsrat,1,2
igoenner,org_bundes_sgk_bw,vorstand_praesidium,1,2
igoenner,org_staedtetag_bw,vorstand_praesidium,1,2
igoenner,org_deutscher_staedtetag,vorstand_praesidium,1,2
igoenner,org_doppstadt_partner,beschaeftigt_taetig,1,1
nhamberger,org_kwamndolwa_sisters,beschaeftigt_taetig,1,1
choffmann,org_bosch,leitung_ceo,1,3
choffmann,org_hh_senior_advisors,gruenderin,1,3
choffmann,org_enbw,aufsichtsrat,1,3
choffmann,org_ing_diba,aufsichtsrat,1,3
choffmann,org_charlottenklinik,aufsichtsrat,1,3
choffmann,org_jdzb,aufsichtsrat,1,3
choffmann,org_vfus,mitglied,1,1
ejeggle,org_cdu,mitglied,1,1
ejeggle,org_cdu_hohenzollern,vorstand_praesidium,1,2
ejeggle,org_cdu_biberach,vorstand_praesidium,1,2
ejeggle,org_kreistag_biberach,mitglied,1,1
ejeggle,org_evp_ed,vorstand_praesidium,1,2
ejeggle,org_ep,mitglied,1,1
ejeggle,org_dioezese_rottenburg_stuttgart,mitglied,1,1
ejeggle,org_stiftung_katholische_freie_schule,aufsichtsrat,1,2
ejeggle,org_landfrauen_bw,mitglied,1,1
ejeggle,org_obst_gartenbauverein_biberach,mitglied,1,1
ejeggle,org_verein_schwaebischer_dialekt,mitglied,1,1
jbjoly,org_stiftung_akademie_schloss_solitude,leitung_ceo,1,3
jbjoly,org_institut_francais_stuttgart,leitung_ceo,1,3
jbjoly,org_weissensee_berlin,dozentin,1,1
jbjoly,org_rudolf_eberle_stiftung,vorstand_praesidium,1,2
jbjoly,org_stiftung_kunstmuseum_stuttgart,aufsichtsrat,1,2
jbjoly,org_transcultural_exchange,aufsichtsrat,1,2
jbjoly,org_res_artis,aufsichtsrat,1,2
jbjoly,org_deutsch_franz_kulturrat,mitglied,1,1
skhedira,org_vfb,beschaeftigt_taetig,1,1
skhedira,org_sc_pfullendorf,beschaeftigt_taetig,1,1
skhedira,org_real_madrid,beschaeftigt_taetig,1,1
skhedira,org_juventus_fc,beschaeftigt_taetig,1,1
skhedira,org_hertha_bsc,beschaeftigt_taetig,1,1
skhedira,org_deutsche_fussballnationalmannschaft,beschaeftigt_taetig,1,1
skhedira,org_dazn,beschaeftigt_taetig,1,1
skhedira,org_ard,beschaeftigt_taetig,1,1
skhedira,org_khedira_stiftung,gruenderin,1,3
jkizilhan,org_uni_bochum,mitglied,1,1
jkizilhan,org_georgetown_uni,mitglied,1,1
jkizilhan,org_human_rights_project,beschaeftigt_taetig,1,1
jkizilhan,org_uni_konstanz,mitglied,1,1
jkizilhan,org_michael_balint_klinik,beschaeftigt_taetig,1,1
jkizilhan,org_medclin_ag,beschaeftigt_taetig,1,1
jkizilhan,org_tavt,mitglied,1,1
jkizilhan,org_uni_goettingen,mitglied,1,1
jkizilhan,org_ipp_uni_duhok,leitung_ceo,1,3
jkizilhan,org_itg_dhbw,leitung_ceo,1,3
jkizilhan,org_sonderkontingent_jesidinnen,beschaeftigt_taetig,1,1
wmarguerre,org_uni_heidelberg,mitglied,1,1
wmarguerre,org_pharmaplast_copenhagen,leitung_ceo,1,3
wmarguerre,org_baxter_travenol,leitung_ceo,1,3
wmarguerre,org_revlon_healthcare,leitung_ceo,1,3
wmarguerre,org_octapharma,gruenderin,1,3
kmassen,org_theater_tempus_fugit,gruenderin,1,3
rrastaetter,org_ph_karlsruhe,aufsichtsrat,1,2
rrastaetter,org_willy_brandt_realschule,beschaeftigt_taetig,1,1
rrastaetter,org_gruene,gruenderin,1,3
rrastaetter,org_gemeinderat_karlsruhe,mitglied,1,1
rrastaetter,org_landtag_bw,mitglied,1,1
rrastaetter,org_gew,mitglied,1,1
rrastaetter,org_bund,mitglied,1,1
rrastaetter,org_kuratorium_bpb,mitglied,1,1
rrastaetter,org_lebenshilfe,mitglied,1,1
rrastaetter,org_landesbeirat_tierschutz_bw,mitglied,1,1
groethemeyer,org_mfg,leitung_ceo,1,3
groethemeyer,org_cicae,vorstand_praesidium,1,2
groethemeyer,org_ndr,beschaeftigt_taetig,1,1
groethemeyer,org_zdf,beschaeftigt_taetig,1,1
groethemeyer,org_br,beschaeftigt_taetig,1,1
groethemeyer,org_bmi,mitglied,1,1
groethemeyer,org_deutscher_filmpreis,mitglied,1,1
dschmieder,org_kliniken_schmieder,leitung_ceo,1,3
dschmieder,org_lurija_institut,beschaeftigt_taetig,1,1
dschmieder,org_uni_konstanz_verein,mitglied,1,1
kschrimm,org_zentrale_stelle_ludwigsburg,leitung_ceo,1,3
kschrimm,org_landgericht_stuttgart,beschaeftigt_taetig,1,1
kschrimm,org_staatsanwaltschaft_stuttgart,beschaeftigt_taetig,1,1
hschroeder,org_lfs_bw,leitung_ceo,1,3
hschroeder,org_innenministerium_bw,beschaeftigt_taetig,1,1
hvetter,org_deutsche_bank,beschaeftigt_taetig,1,1
hvetter,org_frankfurter_hypothekenbank,beschaeftigt_taetig,1,1
hvetter,org_deutsche_anlagen_leasing,beschaeftigt_taetig,1,1
hvetter,org_bank_gemeinwirtschaft,vorstand_praesidium,1,2
hvetter,org_mm_warburg_co,beschaeftigt_taetig,1,1
hvetter,org_helaba,vorstand_praesidium,1,2
hvetter,org_berliner_sparkasse,vorstand_praesidium,1,2
hvetter,org_hypo_real_estate_holding,aufsichtsrat,1,2
hvetter,org_lbbw,vorstand_praesidium,1,2
hvetter,org_commerzbank,aufsichtsrat,1,2
jwieler,org_uni_tel_aviv,mitglied,1,1
jwieler,org_dhaus,beschaeftigt_taetig,1,1
jwieler,org_theater_heidelberg,beschaeftigt_taetig,1,1
jwieler,org_theater_basel,beschaeftigt_taetig,1,1
jwieler,org_schauspielhaus_hamburg,beschaeftigt_taetig,1,1
jwieler,org_kammerspiele_muenchen,beschaeftigt_taetig,1,1
jwieler,org_staatsoper_stuttgart,leitung_ceo,1,3
jwieler,org_schauspielhaus_zuerich,beschaeftigt_taetig,1,1
jwieler,org_semperoper_duesseldorf,beschaeftigt_taetig,1,1
jwieler,org_schaubuehne_lehniner_platz,beschaeftigt_taetig,1,1
jwieler,org_adk_berlin,mitglied,1,1
jwieler,org_bayerische_akademie_schoene_kuenste,mitglied,1,1
jwieler,org_dadk,mitglied,1,1
hwoerz,org_landfrauen_bw,botschafterin,1,1
hwoerz,org_dlv,vorstand_praesidium,1,2
